PassengerId,Survived,Pclass,Sex_Encoded,Age,SibSp,Parch,Fare,Embarked_Q,Embarked_S,Age_Z,Fare_Z,SibSp_Z,Parch_Z
1,0,3,1,22.0,1.0,0,7.25,0,1,-0.5831045826910642,-0.8200918503613662,0.8097652358856646,
2,1,1,0,38.0,1.0,0,65.6344,0,0,0.7422683335786762,2.03048281603878,0.8097652358856646,
3,1,3,0,26.0,0.0,0,7.925,0,1,-0.2517613536236291,-0.7871354801696694,-0.6021737566273045,
4,1,1,0,35.0,1.0,0,53.1,0,1,0.49376091177809983,1.4185001100672192,0.8097652358856646,
5,0,3,1,35.0,0.0,0,8.05,0,1,0.49376091177809983,-0.7810324486526885,-0.6021737566273045,
6,0,3,1,28.0,0.0,0,8.4583,1,0,-0.08608973908991159,-0.7610975065056222,-0.6021737566273045,
7,0,1,1,54.0,0.0,0,51.8625,0,1,2.0676412498484167,1.3580800980491081,-0.6021737566273045,
8,0,3,1,2.5,2.5,0,21.075,0,1,-2.1984028243948104,-0.14509656458328138,2.927673724655119,
9,1,3,0,27.0,0.0,0,11.1333,0,1,-0.16892554635677037,-0.6304926320422315,-0.6021737566273045,
10,1,2,0,14.0,1.0,0,30.0708,0,0,-1.2457910408259345,0.2941166427803711,0.8097652358856646,
11,1,3,0,4.0,1.0,0,16.7,0,1,-2.074149113494522,-0.358702667677612,0.8097652358856646,
12,1,1,0,54.5,0.0,0,26.55,0,1,2.109059153481846,0.12221621586048105,-0.6021737566273045,
13,0,3,1,20.0,0.0,0,8.05,0,1,-0.7487761972247818,-0.7810324486526885,-0.6021737566273045,
14,0,3,1,39.0,1.0,0,31.275,0,1,0.825104140845535,0.35291080720235807,0.8097652358856646,
15,0,3,0,14.0,0.0,0,7.8542,0,1,-1.2457910408259345,-0.7905922372208875,-0.6021737566273045,
16,1,2,0,54.5,0.0,0,16.0,0,1,2.109059153481846,-0.3928796441727049,-0.6021737566273045,
17,0,3,1,2.5,2.5,0,29.125,1,0,-2.1984028243948104,0.24793866511028706,2.927673724655119,
18,1,2,1,28.0,0.0,0,13.0,0,1,-0.08608973908991159,-0.5393524005802459,-0.6021737566273045,
19,0,3,0,31.0,1.0,0,18.0,0,1,0.16241768271066476,-0.2952311399010109,0.8097652358856646,
20,1,3,0,28.0,0.0,0,7.225,0,0,-0.08608973908991159,-0.8213124566647625,-0.6021737566273045,
21,0,2,1,35.0,0.0,0,26.0,0,1,0.49376091177809983,0.09536287718576517,-0.6021737566273045,
22,1,2,1,34.0,0.0,0,13.0,0,1,0.4109251045112411,-0.5393524005802459,-0.6021737566273045,
23,1,3,0,15.0,0.0,0,8.0292,1,0,-1.1629552335590756,-0.7820479930971143,-0.6021737566273045,
24,1,1,1,28.0,0.0,0,35.5,0,1,-0.08608973908991159,0.5591932724763117,-0.6021737566273045,
25,0,3,0,8.0,2.5,0,21.075,0,1,-1.742805884427087,-0.14509656458328138,2.927673724655119,
26,1,3,0,38.0,1.0,0,31.3875,0,1,0.7422683335786762,0.3584035355676409,0.8097652358856646,
27,0,3,1,28.0,0.0,0,7.225,0,0,-0.08608973908991159,-0.8213124566647625,-0.6021737566273045,
28,0,1,1,19.0,2.5,0,65.6344,0,1,-0.8316120044916406,2.03048281603878,2.927673724655119,
29,1,3,0,28.0,0.0,0,7.8792,1,0,-0.08608973908991159,-0.7893716309174912,-0.6021737566273045,
30,0,3,1,28.0,0.0,0,7.8958,0,1,-0.08608973908991159,-0.7885611483320362,-0.6021737566273045,
31,0,1,1,40.0,0.0,0,27.7208,0,0,0.9079399481123938,0.17937965026113073,-0.6021737566273045,
32,1,1,0,28.0,1.0,0,65.6344,0,0,-0.08608973908991159,2.03048281603878,0.8097652358856646,
33,1,3,0,28.0,0.0,0,7.75,1,0,-0.08608973908991159,-0.7956797242934427,-0.6021737566273045,
34,0,2,1,54.5,0.0,0,10.5,0,1,2.109059153481846,-0.6614130309198635,-0.6021737566273045,
35,0,1,1,28.0,1.0,0,65.6344,0,0,-0.08608973908991159,2.03048281603878,0.8097652358856646,
36,0,1,1,42.0,1.0,0,52.0,0,1,1.0736115626461114,1.3647934327177873,0.8097652358856646,
37,1,3,1,28.0,0.0,0,7.2292,0,0,-0.08608973908991159,-0.8211073948057919,-0.6021737566273045,
38,0,3,1,21.0,0.0,0,8.05,0,1,-0.665940389957923,-0.7810324486526885,-0.6021737566273045,
39,0,3,0,18.0,2.0,0,18.0,0,1,-0.9144478117584993,-0.2952311399010109,2.2217042283986337,
40,1,3,0,14.0,1.0,0,11.2417,0,0,-1.2457910408259345,-0.6252000831107057,0.8097652358856646,
41,0,3,0,40.0,1.0,0,9.475,0,1,0.9079399481123938,-0.7114578893591066,0.8097652358856646,
42,0,2,0,27.0,1.0,0,21.0,0,1,-0.16892554635677037,-0.14875838349346987,0.8097652358856646,
43,0,3,1,28.0,0.0,0,7.8958,0,0,-0.08608973908991159,-0.7885611483320362,-0.6021737566273045,
44,1,2,0,3.0,1.0,0,41.5792,0,0,-2.156984920761381,0.8560056660605528,0.8097652358856646,
45,1,3,0,19.0,0.0,0,7.8792,1,0,-0.8316120044916406,-0.7893716309174912,-0.6021737566273045,
46,0,3,1,28.0,0.0,0,8.05,0,1,-0.08608973908991159,-0.7810324486526885,-0.6021737566273045,
47,0,3,1,28.0,1.0,0,15.5,1,0,-0.08608973908991159,-0.4172917702406284,0.8097652358856646,
48,1,3,0,28.0,0.0,0,7.75,1,0,-0.08608973908991159,-0.7956797242934427,-0.6021737566273045,
49,0,3,1,28.0,2.0,0,21.6792,0,0,-0.08608973908991159,-0.1155969514428025,2.2217042283986337,
50,0,3,0,18.0,1.0,0,17.8,0,1,-0.9144478117584993,-0.30499599032818026,0.8097652358856646,
51,0,3,1,7.0,2.5,0,39.6875,0,1,-1.825641691693946,0.7636448282951711,2.927673724655119,
52,0,3,1,21.0,0.0,0,7.8,0,1,-0.665940389957923,-0.7932385116866503,-0.6021737566273045,
53,1,1,0,49.0,1.0,0,65.6344,0,0,1.6534622135141228,2.03048281603878,0.8097652358856646,
54,1,2,0,29.0,1.0,0,26.0,0,1,-0.0032539318230528085,0.09536287718576517,0.8097652358856646,
55,0,1,1,54.5,0.0,0,61.9792,0,0,2.109059153481846,1.8520204096318316,-0.6021737566273045,
56,1,1,1,28.0,0.0,0,35.5,0,1,-0.08608973908991159,0.5591932724763117,-0.6021737566273045,
57,1,2,0,21.0,0.0,0,10.5,0,1,-0.665940389957923,-0.6614130309198635,-0.6021737566273045,
58,0,3,1,28.5,0.0,0,7.2292,0,0,-0.0446718354564822,-0.8211073948057919,-0.6021737566273045,
59,1,2,0,5.0,1.0,0,27.75,0,1,-1.9913133062276636,0.18080531842349742,0.8097652358856646,
60,0,3,1,11.0,2.5,0,46.9,0,1,-1.4942984626265108,1.1157897468249676,2.927673724655119,
61,0,3,1,22.0,0.0,0,7.2292,0,0,-0.5831045826910642,-0.8211073948057919,-0.6021737566273045,
62,1,1,0,38.0,0.0,0,65.6344,0,1,0.7422683335786762,2.03048281603878,-0.6021737566273045,
63,0,1,1,45.0,1.0,0,65.6344,0,1,1.3221189844466876,2.03048281603878,0.8097652358856646,
64,0,3,1,4.0,2.5,0,27.9,0,1,-2.074149113494522,0.1881289562438744,2.927673724655119,
65,0,1,1,28.0,0.0,0,27.7208,0,0,-0.08608973908991159,0.17937965026113073,-0.6021737566273045,
66,1,3,1,28.0,1.0,0,15.2458,0,0,-0.08608973908991159,-0.42970289513356075,0.8097652358856646,
67,1,2,0,29.0,0.0,0,10.5,0,1,-0.0032539318230528085,-0.6614130309198635,-0.6021737566273045,
68,0,3,1,19.0,0.0,0,8.1583,0,1,-0.8316120044916406,-0.7757447821463763,-0.6021737566273045,
69,1,3,0,17.0,2.5,0,7.925,0,1,-0.9972836190253581,-0.7871354801696694,2.927673724655119,
70,0,3,1,26.0,2.0,0,8.6625,0,1,-0.2517613536236291,-0.7511275942194823,2.2217042283986337,
71,0,2,1,32.0,0.0,0,10.5,0,1,0.24525348997752353,-0.6614130309198635,-0.6021737566273045,
72,0,3,0,16.0,2.5,0,46.9,0,1,-1.080119426292217,1.1157897468249676,2.927673724655119,
73,0,2,1,21.0,0.0,0,65.6344,0,1,-0.665940389957923,2.03048281603878,-0.6021737566273045,
74,0,3,1,26.0,1.0,0,14.4542,0,0,-0.2517613536236291,-0.46835217312429717,0.8097652358856646,
75,1,3,1,32.0,0.0,0,56.4958,0,1,0.24525348997752353,1.5842975054701287,-0.6021737566273045,
76,0,3,1,25.0,0.0,0,7.65,0,1,-0.3345971608904879,-0.8005621495070273,-0.6021737566273045,
77,0,3,1,28.0,0.0,0,7.8958,0,1,-0.08608973908991159,-0.7885611483320362,-0.6021737566273045,
78,0,3,1,28.0,0.0,0,8.05,0,1,-0.08608973908991159,-0.7810324486526885,-0.6021737566273045,
79,1,2,1,2.5,0.0,0,29.0,0,1,-2.1984028243948104,0.24183563359330618,-0.6021737566273045,
80,1,3,0,30.0,0.0,0,12.475,0,1,0.07958187544380597,-0.5649851329515656,-0.6021737566273045,
81,0,3,1,22.0,0.0,0,9.0,0,1,-0.5831045826910642,-0.734649409123634,-0.6021737566273045,
82,1,3,1,29.0,0.0,0,9.5,0,1,-0.0032539318230528085,-0.7102372830557104,-0.6021737566273045,
83,1,3,0,28.0,0.0,0,7.7875,1,0,-0.08608973908991159,-0.7938488148383486,-0.6021737566273045,
84,0,1,1,28.0,0.0,0,47.1,0,1,-0.08608973908991159,1.125554597252137,-0.6021737566273045,
85,1,2,0,17.0,0.0,0,10.5,0,1,-0.9972836190253581,-0.6614130309198635,-0.6021737566273045,
86,1,3,0,33.0,2.5,0,15.85,0,1,0.3280892972443823,-0.40020328199308197,2.927673724655119,
87,0,3,1,16.0,1.0,0,34.375,0,1,-1.080119426292217,0.5042659888234838,0.8097652358856646,
88,0,3,1,28.0,0.0,0,8.05,0,1,-0.08608973908991159,-0.7810324486526885,-0.6021737566273045,
89,1,1,0,23.0,2.5,0,65.6344,0,1,-0.5002687754242054,2.03048281603878,2.927673724655119,
90,0,3,1,24.0,0.0,0,8.05,0,1,-0.4174329681573467,-0.7810324486526885,-0.6021737566273045,
91,0,3,1,29.0,0.0,0,8.05,0,1,-0.0032539318230528085,-0.7810324486526885,-0.6021737566273045,
92,0,3,1,20.0,0.0,0,7.8542,0,1,-0.7487761972247818,-0.7905922372208875,-0.6021737566273045,
93,0,1,1,46.0,1.0,0,61.175,0,1,1.4049547917135463,1.8127559460641836,0.8097652358856646,
94,0,3,1,26.0,1.0,0,20.575,0,1,-0.2517613536236291,-0.16950869065120489,0.8097652358856646,
95,0,3,1,54.5,0.0,0,7.25,0,1,2.109059153481846,-0.8200918503613662,-0.6021737566273045,
96,0,3,1,28.0,0.0,0,8.05,0,1,-0.08608973908991159,-0.7810324486526885,-0.6021737566273045,
97,0,1,1,54.5,0.0,0,34.6542,0,0,2.109059153481846,0.5178977200198125,-0.6021737566273045,
98,1,1,1,23.0,0.0,0,63.3583,0,0,-0.5002687754242054,1.9193539357523786,-0.6021737566273045,
99,1,2,0,34.0,0.0,0,23.0,0,1,0.4109251045112411,-0.05110987922177585,-0.6021737566273045,
100,0,2,1,34.0,1.0,0,26.0,0,1,0.4109251045112411,0.09536287718576517,0.8097652358856646,
101,0,3,0,28.0,0.0,0,7.8958,0,1,-0.08608973908991159,-0.7885611483320362,-0.6021737566273045,
102,0,3,1,28.0,0.0,0,7.8958,0,1,-0.08608973908991159,-0.7885611483320362,-0.6021737566273045,
103,0,1,1,21.0,0.0,0,65.6344,0,1,-0.665940389957923,2.03048281603878,-0.6021737566273045,
104,0,3,1,33.0,0.0,0,8.6542,0,1,0.3280892972443823,-0.7515328355122098,-0.6021737566273045,
105,0,3,1,37.0,2.0,0,7.925,0,1,0.6594325263118174,-0.7871354801696694,2.2217042283986337,
106,0,3,1,28.0,0.0,0,7.8958,0,1,-0.08608973908991159,-0.7885611483320362,-0.6021737566273045,
107,1,3,0,21.0,0.0,0,7.65,0,1,-0.665940389957923,-0.8005621495070273,-0.6021737566273045,
108,1,3,1,28.0,0.0,0,7.775,0,1,-0.08608973908991159,-0.7944591179900464,-0.6021737566273045,
109,0,3,1,38.0,0.0,0,7.8958,0,1,0.7422683335786762,-0.7885611483320362,-0.6021737566273045,
110,1,3,0,28.0,1.0,0,24.15,1,0,-0.08608973908991159,0.005038010734448137,0.8097652358856646,
111,0,1,1,47.0,0.0,0,52.0,0,1,1.4877905989804052,1.3647934327177873,-0.6021737566273045,
112,0,3,0,14.5,1.0,0,14.4542,0,0,-1.204373137192505,-0.46835217312429717,0.8097652358856646,
113,0,3,1,22.0,0.0,0,8.05,0,1,-0.5831045826910642,-0.7810324486526885,-0.6021737566273045,
114,0,3,0,20.0,1.0,0,9.825,0,1,-0.7487761972247818,-0.6943694011115602,0.8097652358856646,
115,0,3,0,17.0,0.0,0,14.4583,0,0,-0.9972836190253581,-0.4681519936905402,-0.6021737566273045,
116,0,3,1,21.0,0.0,0,7.925,0,1,-0.665940389957923,-0.7871354801696694,-0.6021737566273045,
117,0,3,1,54.5,0.0,0,7.75,1,0,2.109059153481846,-0.7956797242934427,-0.6021737566273045,
118,0,2,1,29.0,1.0,0,21.0,0,1,-0.0032539318230528085,-0.14875838349346987,0.8097652358856646,
119,0,1,1,24.0,0.0,0,65.6344,0,0,-0.4174329681573467,2.03048281603878,-0.6021737566273045,
120,0,3,0,2.5,2.5,0,31.275,0,1,-2.1984028243948104,0.35291080720235807,2.927673724655119,
121,0,2,1,21.0,2.0,0,65.6344,0,1,-0.665940389957923,2.03048281603878,2.2217042283986337,
122,0,3,1,28.0,0.0,0,8.05,0,1,-0.08608973908991159,-0.7810324486526885,-0.6021737566273045,
123,0,2,1,32.5,1.0,0,30.0708,0,0,0.2866713936109529,0.2941166427803711,0.8097652358856646,
124,1,2,0,32.5,0.0,0,13.0,0,1,0.2866713936109529,-0.5393524005802459,-0.6021737566273045,
125,0,1,1,54.0,0.0,0,65.6344,0,1,2.0676412498484167,2.03048281603878,-0.6021737566273045,
126,1,3,1,12.0,1.0,0,11.2417,0,0,-1.411462655359652,-0.6252000831107057,0.8097652358856646,
127,0,3,1,28.0,0.0,0,7.75,1,0,-0.08608973908991159,-0.7956797242934427,-0.6021737566273045,
128,1,3,1,24.0,0.0,0,7.1417,0,1,-0.4174329681573467,-0.8253795168676784,-0.6021737566273045,
129,1,3,0,28.0,1.0,0,22.3583,0,0,-0.08608973908991159,-0.08244040181734888,0.8097652358856646,
130,0,3,1,45.0,0.0,0,6.975,0,1,1.3221189844466876,-0.8335185196987243,-0.6021737566273045,
131,0,3,1,33.0,0.0,0,7.8958,0,0,0.3280892972443823,-0.7885611483320362,-0.6021737566273045,
132,0,3,1,20.0,0.0,0,7.05,0,1,-0.7487761972247818,-0.8298567007885356,-0.6021737566273045,
133,0,3,0,47.0,1.0,0,14.5,0,1,1.4877905989804052,-0.4661160223764754,0.8097652358856646,
134,1,2,0,29.0,1.0,0,26.0,0,1,-0.0032539318230528085,0.09536287718576517,0.8097652358856646,
135,0,2,1,25.0,0.0,0,13.0,0,1,-0.3345971608904879,-0.5393524005802459,-0.6021737566273045,
136,0,2,1,23.0,0.0,0,15.0458,0,0,-0.5002687754242054,-0.4394677455607301,-0.6021737566273045,
137,1,1,0,19.0,0.0,0,26.2833,0,1,-0.8316120044916406,0.10919478781585065,-0.6021737566273045,
138,0,1,1,37.0,1.0,0,53.1,0,1,0.6594325263118174,1.4185001100672192,0.8097652358856646,
139,0,3,1,16.0,0.0,0,9.2167,0,1,-1.080119426292217,-0.7240691936857959,-0.6021737566273045,
140,0,1,1,24.0,0.0,0,65.6344,0,0,-0.4174329681573467,2.03048281603878,-0.6021737566273045,
141,0,3,0,28.0,0.0,0,15.2458,0,0,-0.08608973908991159,-0.42970289513356075,-0.6021737566273045,
142,1,3,0,22.0,0.0,0,7.75,0,1,-0.5831045826910642,-0.7956797242934427,-0.6021737566273045,
143,1,3,0,24.0,1.0,0,15.85,0,1,-0.4174329681573467,-0.40020328199308197,0.8097652358856646,
144,0,3,1,19.0,0.0,0,6.75,1,0,-0.8316120044916406,-0.8445039764292896,-0.6021737566273045,
145,0,2,1,18.0,0.0,0,11.5,0,1,-0.9144478117584993,-0.6125887787840164,-0.6021737566273045,
146,0,2,1,19.0,1.0,0,36.75,0,1,-0.8316120044916406,0.6202235876461205,0.8097652358856646,
147,1,3,1,27.0,0.0,0,7.7958,0,1,-0.16892554635677037,-0.7934435735456209,-0.6021737566273045,
148,0,3,0,9.0,2.0,0,34.375,0,1,-1.6599700771602284,0.5042659888234838,2.2217042283986337,
149,0,2,1,36.5,0.0,0,26.0,0,1,0.618014622678388,0.09536287718576517,-0.6021737566273045,
150,0,2,1,42.0,0.0,0,13.0,0,1,1.0736115626461114,-0.5393524005802459,-0.6021737566273045,
151,0,2,1,51.0,0.0,0,12.525,0,1,1.8191338280478402,-0.5625439203447732,-0.6021737566273045,
152,1,1,0,22.0,1.0,0,65.6344,0,1,-0.5831045826910642,2.03048281603878,0.8097652358856646,
153,0,3,1,54.5,0.0,0,8.05,0,1,2.109059153481846,-0.7810324486526885,-0.6021737566273045,
154,0,3,1,40.5,0.0,0,14.5,0,1,0.9493578517458231,-0.4661160223764754,-0.6021737566273045,
155,0,3,1,28.0,0.0,0,7.3125,0,1,-0.08608973908991159,-0.8170403346028757,-0.6021737566273045,
156,0,1,1,51.0,0.0,0,61.3792,0,0,1.8191338280478402,1.8227258583503236,-0.6021737566273045,
157,1,3,0,16.0,0.0,0,7.7333,1,0,-1.080119426292217,-0.7964950893041114,-0.6021737566273045,
158,0,3,1,30.0,0.0,0,8.05,0,1,0.07958187544380597,-0.7810324486526885,-0.6021737566273045,
159,0,3,1,28.0,0.0,0,8.6625,0,1,-0.08608973908991159,-0.7511275942194823,-0.6021737566273045,
160,0,3,1,28.0,2.5,0,65.6344,0,1,-0.08608973908991159,2.03048281603878,2.927673724655119,
161,0,3,1,44.0,0.0,0,16.1,0,1,1.239283177179829,-0.38799721895912015,-0.6021737566273045,
162,1,2,0,40.0,0.0,0,15.75,0,1,0.9079399481123938,-0.40508570720666665,-0.6021737566273045,
163,0,3,1,26.0,0.0,0,7.775,0,1,-0.2517613536236291,-0.7944591179900464,-0.6021737566273045,
164,0,3,1,17.0,0.0,0,8.6625,0,1,-0.9972836190253581,-0.7511275942194823,-0.6021737566273045,
165,0,3,1,2.5,2.5,0,39.6875,0,1,-2.1984028243948104,0.7636448282951711,2.927673724655119,
166,1,3,1,9.0,0.0,0,20.525,0,1,-1.6599700771602284,-0.17194990325799725,-0.6021737566273045,
167,1,1,0,28.0,0.0,0,55.0,0,1,-0.08608973908991159,1.5112661891253283,-0.6021737566273045,
168,0,3,0,45.0,1.0,0,27.9,0,1,1.3221189844466876,0.1881289562438744,0.8097652358856646,
169,0,1,1,28.0,0.0,0,25.925,0,1,-0.08608973908991159,0.09170105827557667,-0.6021737566273045,
170,0,3,1,28.0,0.0,0,56.4958,0,1,-0.08608973908991159,1.5842975054701287,-0.6021737566273045,
171,0,1,1,54.5,0.0,0,33.5,0,1,2.109059153481846,0.4615447682046177,-0.6021737566273045,
172,0,3,1,4.0,2.5,0,29.125,1,0,-2.074149113494522,0.24793866511028706,2.927673724655119,
173,1,3,0,2.5,1.0,0,11.1333,0,1,-2.1984028243948104,-0.6304926320422315,0.8097652358856646,
174,0,3,1,21.0,0.0,0,7.925,0,1,-0.665940389957923,-0.7871354801696694,-0.6021737566273045,
175,0,1,1,54.5,0.0,0,30.6958,0,0,2.109059153481846,0.32463180036527545,-0.6021737566273045,
176,0,3,1,18.0,1.0,0,7.8542,0,1,-0.9144478117584993,-0.7905922372208875,0.8097652358856646,
177,0,3,1,28.0,2.5,0,25.4667,0,1,-0.08608973908991159,0.06932490352171793,2.927673724655119,
178,0,1,0,50.0,0.0,0,28.7125,0,0,1.7362980207809815,0.2277986611042501,-0.6021737566273045,
179,0,2,1,30.0,0.0,0,13.0,0,1,0.07958187544380597,-0.5393524005802459,-0.6021737566273045,
180,0,3,1,36.0,0.0,0,0.0,0,1,0.5765967190449587,-1.174067678346257,-0.6021737566273045,
181,0,3,0,28.0,2.5,0,65.6344,0,1,-0.08608973908991159,2.03048281603878,2.927673724655119,
182,0,2,1,28.0,0.0,0,15.05,0,0,-0.08608973908991159,-0.4392626837017595,-0.6021737566273045,
183,0,3,1,9.0,2.5,0,31.3875,0,1,-1.6599700771602284,0.3584035355676409,2.927673724655119,
184,1,2,1,2.5,2.0,0,39.0,0,1,-2.1984028243948104,0.7300781549517762,2.2217042283986337,
185,1,3,0,4.0,0.0,0,22.025,0,1,-2.074149113494522,-0.09871352505422674,-0.6021737566273045,
186,0,1,1,28.0,0.0,0,50.0,0,1,-0.08608973908991159,1.2671449284460934,-0.6021737566273045,
187,1,3,0,28.0,1.0,0,15.5,1,0,-0.08608973908991159,-0.4172917702406284,0.8097652358856646,
188,1,1,1,45.0,0.0,0,26.55,0,1,1.3221189844466876,0.12221621586048105,-0.6021737566273045,
189,0,3,1,40.0,1.0,0,15.5,1,0,0.9079399481123938,-0.4172917702406284,0.8097652358856646,
190,0,3,1,36.0,0.0,0,7.8958,0,1,0.5765967190449587,-0.7885611483320362,-0.6021737566273045,
191,1,2,0,32.0,0.0,0,13.0,0,1,0.24525348997752353,-0.5393524005802459,-0.6021737566273045,
192,0,2,1,19.0,0.0,0,13.0,0,1,-0.8316120044916406,-0.5393524005802459,-0.6021737566273045,
193,1,3,0,19.0,1.0,0,7.8542,0,1,-0.8316120044916406,-0.7905922372208875,0.8097652358856646,
194,1,2,1,3.0,1.0,0,26.0,0,1,-2.156984920761381,0.09536287718576517,0.8097652358856646,
195,1,1,0,44.0,0.0,0,27.7208,0,0,1.239283177179829,0.17937965026113073,-0.6021737566273045,
196,1,1,0,54.5,0.0,0,65.6344,0,0,2.109059153481846,2.03048281603878,-0.6021737566273045,
197,0,3,1,28.0,0.0,0,7.75,1,0,-0.08608973908991159,-0.7956797242934427,-0.6021737566273045,
198,0,3,1,42.0,0.0,0,8.4042,0,1,1.0736115626461114,-0.7637388985461716,-0.6021737566273045,
199,1,3,0,28.0,0.0,0,7.75,1,0,-0.08608973908991159,-0.7956797242934427,-0.6021737566273045,
200,0,2,0,24.0,0.0,0,13.0,0,1,-0.4174329681573467,-0.5393524005802459,-0.6021737566273045,
201,0,3,1,28.0,0.0,0,9.5,0,1,-0.08608973908991159,-0.7102372830557104,-0.6021737566273045,
202,0,3,1,28.0,2.5,0,65.6344,0,1,-0.08608973908991159,2.03048281603878,2.927673724655119,
203,0,3,1,34.0,0.0,0,6.4958,0,1,0.4109251045112411,-0.856915101322222,-0.6021737566273045,
204,0,3,1,45.5,0.0,0,7.225,0,0,1.363536888080117,-0.8213124566647625,-0.6021737566273045,
205,1,3,1,18.0,0.0,0,8.05,0,1,-0.9144478117584993,-0.7810324486526885,-0.6021737566273045,
206,0,3,0,2.5,0.0,0,10.4625,0,1,-2.1984028243948104,-0.6632439403749577,-0.6021737566273045,
207,0,3,1,32.0,1.0,0,15.85,0,1,0.24525348997752353,-0.40020328199308197,0.8097652358856646,
208,1,3,1,26.0,0.0,0,18.7875,0,0,-0.2517613536236291,-0.2567820413440313,-0.6021737566273045,
209,1,3,0,16.0,0.0,0,7.75,1,0,-1.080119426292217,-0.7956797242934427,-0.6021737566273045,
210,1,1,1,40.0,0.0,0,31.0,0,0,0.9079399481123938,0.3394841378650002,-0.6021737566273045,
211,0,3,1,24.0,0.0,0,7.05,0,1,-0.4174329681573467,-0.8298567007885356,-0.6021737566273045,
212,1,2,0,35.0,0.0,0,21.0,0,1,0.49376091177809983,-0.14875838349346987,-0.6021737566273045,
213,0,3,1,22.0,0.0,0,7.25,0,1,-0.5831045826910642,-0.8200918503613662,-0.6021737566273045,
214,0,2,1,30.0,0.0,0,13.0,0,1,0.07958187544380597,-0.5393524005802459,-0.6021737566273045,
215,0,3,1,28.0,1.0,0,7.75,1,0,-0.08608973908991159,-0.7956797242934427,0.8097652358856646,
216,1,1,0,31.0,1.0,0,65.6344,0,0,0.16241768271066476,2.03048281603878,0.8097652358856646,
217,1,3,0,27.0,0.0,0,7.925,0,1,-0.16892554635677037,-0.7871354801696694,-0.6021737566273045,
218,0,2,1,42.0,1.0,0,27.0,0,1,1.0736115626461114,0.14418712932161218,0.8097652358856646,
219,1,1,0,32.0,0.0,0,65.6344,0,0,0.24525348997752353,2.03048281603878,-0.6021737566273045,
220,0,2,1,30.0,0.0,0,10.5,0,1,0.07958187544380597,-0.6614130309198635,-0.6021737566273045,
221,1,3,1,16.0,0.0,0,8.05,0,1,-1.080119426292217,-0.7810324486526885,-0.6021737566273045,
222,0,2,1,27.0,0.0,0,13.0,0,1,-0.16892554635677037,-0.5393524005802459,-0.6021737566273045,
223,0,3,1,51.0,0.0,0,8.05,0,1,1.8191338280478402,-0.7810324486526885,-0.6021737566273045,
224,0,3,1,28.0,0.0,0,7.8958,0,1,-0.08608973908991159,-0.7885611483320362,-0.6021737566273045,
225,1,1,1,38.0,1.0,0,65.6344,0,1,0.7422683335786762,2.03048281603878,0.8097652358856646,
226,0,3,1,22.0,0.0,0,9.35,0,1,-0.5831045826910642,-0.7175609208760875,-0.6021737566273045,
227,1,2,1,19.0,0.0,0,10.5,0,1,-0.8316120044916406,-0.6614130309198635,-0.6021737566273045,
228,0,3,1,20.5,0.0,0,7.25,0,1,-0.7073582935913524,-0.8200918503613662,-0.6021737566273045,
229,0,2,1,18.0,0.0,0,13.0,0,1,-0.9144478117584993,-0.5393524005802459,-0.6021737566273045,
230,0,3,0,28.0,2.5,0,25.4667,0,1,-0.08608973908991159,0.06932490352171793,2.927673724655119,
231,1,1,0,35.0,1.0,0,65.6344,0,1,0.49376091177809983,2.03048281603878,0.8097652358856646,
232,0,3,1,29.0,0.0,0,7.775,0,1,-0.0032539318230528085,-0.7944591179900464,-0.6021737566273045,
233,0,2,1,54.5,0.0,0,13.5,0,1,2.109059153481846,-0.5149402745123224,-0.6021737566273045,
234,1,3,0,5.0,2.5,0,31.3875,0,1,-1.9913133062276636,0.3584035355676409,2.927673724655119,
235,0,2,1,24.0,0.0,0,10.5,0,1,-0.4174329681573467,-0.6614130309198635,-0.6021737566273045,
236,0,3,0,28.0,0.0,0,7.55,0,1,-0.08608973908991159,-0.805444574720612,-0.6021737566273045,
237,0,2,1,44.0,1.0,0,26.0,0,1,1.239283177179829,0.09536287718576517,0.8097652358856646,
238,1,2,0,8.0,0.0,0,26.25,0,1,-1.742805884427087,0.10756894021972692,-0.6021737566273045,
239,0,2,1,19.0,0.0,0,10.5,0,1,-0.8316120044916406,-0.6614130309198635,-0.6021737566273045,
240,0,2,1,33.0,0.0,0,12.275,0,1,0.3280892972443823,-0.574749983378735,-0.6021737566273045,
241,0,3,0,28.0,1.0,0,14.4542,0,0,-0.08608973908991159,-0.46835217312429717,0.8097652358856646,
242,1,3,0,28.0,1.0,0,15.5,1,0,-0.08608973908991159,-0.4172917702406284,0.8097652358856646,
243,0,2,1,29.0,0.0,0,10.5,0,1,-0.0032539318230528085,-0.6614130309198635,-0.6021737566273045,
244,0,3,1,22.0,0.0,0,7.125,0,1,-0.5831045826910642,-0.8261948818783471,-0.6021737566273045,
245,0,3,1,30.0,0.0,0,7.225,0,0,0.07958187544380597,-0.8213124566647625,-0.6021737566273045,
246,0,1,1,44.0,2.0,0,65.6344,1,0,1.239283177179829,2.03048281603878,2.2217042283986337,
247,0,3,0,25.0,0.0,0,7.775,0,1,-0.3345971608904879,-0.7944591179900464,-0.6021737566273045,
248,1,2,0,24.0,0.0,0,14.5,0,1,-0.4174329681573467,-0.4661160223764754,-0.6021737566273045,
249,1,1,1,37.0,1.0,0,52.5542,0,1,0.6594325263118174,1.3918518332514738,0.8097652358856646,
250,0,2,1,54.0,1.0,0,26.0,0,1,2.0676412498484167,0.09536287718576517,0.8097652358856646,
251,0,3,1,28.0,0.0,0,7.25,0,1,-0.08608973908991159,-0.8200918503613662,-0.6021737566273045,
252,0,3,0,29.0,1.0,0,10.4625,0,1,-0.0032539318230528085,-0.6632439403749577,0.8097652358856646,
253,0,1,1,54.5,0.0,0,26.55,0,1,2.109059153481846,0.12221621586048105,-0.6021737566273045,
254,0,3,1,30.0,1.0,0,16.1,0,1,0.07958187544380597,-0.38799721895912015,0.8097652358856646,
255,0,3,0,41.0,0.0,0,20.2125,0,1,0.9907757553792526,-0.18720748205044946,-0.6021737566273045,
256,1,3,0,29.0,0.0,0,15.2458,0,0,-0.0032539318230528085,-0.42970289513356075,-0.6021737566273045,
257,1,1,0,28.0,0.0,0,65.6344,0,0,-0.08608973908991159,2.03048281603878,-0.6021737566273045,
258,1,1,0,30.0,0.0,0,65.6344,0,1,0.07958187544380597,2.03048281603878,-0.6021737566273045,
259,1,1,0,35.0,0.0,0,65.6344,0,0,0.49376091177809983,2.03048281603878,-0.6021737566273045,
260,1,2,0,50.0,0.0,0,26.0,0,1,1.7362980207809815,0.09536287718576517,-0.6021737566273045,
261,0,3,1,28.0,0.0,0,7.75,1,0,-0.08608973908991159,-0.7956797242934427,-0.6021737566273045,
262,1,3,1,3.0,2.5,0,31.3875,0,1,-2.156984920761381,0.3584035355676409,2.927673724655119,
263,0,1,1,52.0,1.0,0,65.6344,0,1,1.901969635314699,2.03048281603878,0.8097652358856646,
264,0,1,1,40.0,0.0,0,0.0,0,1,0.9079399481123938,-1.174067678346257,-0.6021737566273045,
265,0,3,0,28.0,0.0,0,7.75,1,0,-0.08608973908991159,-0.7956797242934427,-0.6021737566273045,
266,0,2,1,36.0,0.0,0,10.5,0,1,0.5765967190449587,-0.6614130309198635,-0.6021737566273045,
267,0,3,1,16.0,2.5,0,39.6875,0,1,-1.080119426292217,0.7636448282951711,2.927673724655119,
268,1,3,1,25.0,1.0,0,7.775,0,1,-0.3345971608904879,-0.7944591179900464,0.8097652358856646,
269,1,1,0,54.5,0.0,0,65.6344,0,1,2.109059153481846,2.03048281603878,-0.6021737566273045,
270,1,1,0,35.0,0.0,0,65.6344,0,1,0.49376091177809983,2.03048281603878,-0.6021737566273045,
271,0,1,1,28.0,0.0,0,31.0,0,1,-0.08608973908991159,0.3394841378650002,-0.6021737566273045,
272,1,3,1,25.0,0.0,0,0.0,0,1,-0.3345971608904879,-1.174067678346257,-0.6021737566273045,
273,1,2,0,41.0,0.0,0,19.5,0,1,0.9907757553792526,-0.22199476169724036,-0.6021737566273045,
274,0,1,1,37.0,0.0,0,29.7,0,0,0.6594325263118174,0.27601261008839906,-0.6021737566273045,
275,1,3,0,28.0,0.0,0,7.75,1,0,-0.08608973908991159,-0.7956797242934427,-0.6021737566273045,
276,1,1,0,54.5,1.0,0,65.6344,0,1,2.109059153481846,2.03048281603878,0.8097652358856646,
277,0,3,0,45.0,0.0,0,7.75,0,1,1.3221189844466876,-0.7956797242934427,-0.6021737566273045,
278,0,2,1,28.0,0.0,0,0.0,0,1,-0.08608973908991159,-1.174067678346257,-0.6021737566273045,
279,0,3,1,7.0,2.5,0,29.125,1,0,-1.825641691693946,0.24793866511028706,2.927673724655119,
280,1,3,0,35.0,1.0,0,20.25,0,1,0.49376091177809983,-0.18537657259535512,0.8097652358856646,
281,0,3,1,54.5,0.0,0,7.75,1,0,2.109059153481846,-0.7956797242934427,-0.6021737566273045,
282,0,3,1,28.0,0.0,0,7.8542,0,1,-0.08608973908991159,-0.7905922372208875,-0.6021737566273045,
283,0,3,1,16.0,0.0,0,9.5,0,1,-1.080119426292217,-0.7102372830557104,-0.6021737566273045,
284,1,3,1,19.0,0.0,0,8.05,0,1,-0.8316120044916406,-0.7810324486526885,-0.6021737566273045,
285,0,1,1,28.0,0.0,0,26.0,0,1,-0.08608973908991159,0.09536287718576517,-0.6021737566273045,
286,0,3,1,33.0,0.0,0,8.6625,0,0,0.3280892972443823,-0.7511275942194823,-0.6021737566273045,
287,1,3,1,30.0,0.0,0,9.5,0,1,0.07958187544380597,-0.7102372830557104,-0.6021737566273045,
288,0,3,1,22.0,0.0,0,7.8958,0,1,-0.5831045826910642,-0.7885611483320362,-0.6021737566273045,
289,1,2,1,42.0,0.0,0,13.0,0,1,1.0736115626461114,-0.5393524005802459,-0.6021737566273045,
290,1,3,0,22.0,0.0,0,7.75,1,0,-0.5831045826910642,-0.7956797242934427,-0.6021737566273045,
291,1,1,0,26.0,0.0,0,65.6344,0,1,-0.2517613536236291,2.03048281603878,-0.6021737566273045,
292,1,1,0,19.0,1.0,0,65.6344,0,0,-0.8316120044916406,2.03048281603878,0.8097652358856646,
293,0,2,1,36.0,0.0,0,12.875,0,0,0.5765967190449587,-0.5454554320972268,-0.6021737566273045,
294,0,3,0,24.0,0.0,0,8.85,0,1,-0.4174329681573467,-0.741973046944011,-0.6021737566273045,
295,0,3,1,24.0,0.0,0,7.8958,0,1,-0.4174329681573467,-0.7885611483320362,-0.6021737566273045,
296,0,1,1,28.0,0.0,0,27.7208,0,0,-0.08608973908991159,0.17937965026113073,-0.6021737566273045,
297,0,3,1,23.5,0.0,0,7.2292,0,0,-0.4588508717907761,-0.8211073948057919,-0.6021737566273045,
298,0,1,0,2.5,1.0,0,65.6344,0,1,-2.1984028243948104,2.03048281603878,0.8097652358856646,
299,1,1,1,28.0,0.0,0,30.5,0,1,-0.08608973908991159,0.31507201179707667,-0.6021737566273045,
300,1,1,0,50.0,0.0,0,65.6344,0,0,1.7362980207809815,2.03048281603878,-0.6021737566273045,
301,1,3,0,28.0,0.0,0,7.75,1,0,-0.08608973908991159,-0.7956797242934427,-0.6021737566273045,
302,1,3,1,28.0,2.0,0,23.25,1,0,-0.08608973908991159,-0.0389038161878141,2.2217042283986337,
303,0,3,1,19.0,0.0,0,0.0,0,1,-0.8316120044916406,-1.174067678346257,-0.6021737566273045,
304,1,2,0,28.0,0.0,0,12.35,1,0,-0.08608973908991159,-0.5710881644685465,-0.6021737566273045,
305,0,3,1,28.0,0.0,0,8.05,0,1,-0.08608973908991159,-0.7810324486526885,-0.6021737566273045,
306,1,1,1,2.5,1.0,0,65.6344,0,1,-2.1984028243948104,2.03048281603878,0.8097652358856646,
307,1,1,0,28.0,0.0,0,65.6344,0,0,-0.08608973908991159,2.03048281603878,-0.6021737566273045,
308,1,1,0,17.0,1.0,0,65.6344,0,0,-0.9972836190253581,2.03048281603878,0.8097652358856646,
309,0,2,1,30.0,1.0,0,24.0,0,0,0.07958187544380597,-0.002285627085928845,0.8097652358856646,
310,1,1,0,30.0,0.0,0,56.9292,0,0,0.07958187544380597,1.6054579363458044,-0.6021737566273045,
311,1,1,0,24.0,0.0,0,65.6344,0,0,-0.4174329681573467,2.03048281603878,-0.6021737566273045,
312,1,1,0,18.0,2.0,0,65.6344,0,0,-0.9144478117584993,2.03048281603878,2.2217042283986337,
313,0,2,0,26.0,1.0,0,26.0,0,1,-0.2517613536236291,0.09536287718576517,0.8097652358856646,
314,0,3,1,28.0,0.0,0,7.8958,0,1,-0.08608973908991159,-0.7885611483320362,-0.6021737566273045,
315,0,2,1,43.0,1.0,0,26.25,0,1,1.15644736991297,0.10756894021972692,0.8097652358856646,
316,1,3,0,26.0,0.0,0,7.8542,0,1,-0.2517613536236291,-0.7905922372208875,-0.6021737566273045,
317,1,2,0,24.0,1.0,0,26.0,0,1,-0.4174329681573467,0.09536287718576517,0.8097652358856646,
318,0,2,1,54.0,0.0,0,14.0,0,1,2.0676412498484167,-0.4905281484443989,-0.6021737566273045,
319,1,1,0,31.0,0.0,0,65.6344,0,1,0.16241768271066476,2.03048281603878,-0.6021737566273045,
320,1,1,0,40.0,1.0,0,65.6344,0,0,0.9079399481123938,2.03048281603878,0.8097652358856646,
321,0,3,1,22.0,0.0,0,7.25,0,1,-0.5831045826910642,-0.8200918503613662,-0.6021737566273045,
322,0,3,1,27.0,0.0,0,7.8958,0,1,-0.16892554635677037,-0.7885611483320362,-0.6021737566273045,
323,1,2,0,30.0,0.0,0,12.35,1,0,0.07958187544380597,-0.5710881644685465,-0.6021737566273045,
324,1,2,0,22.0,1.0,0,29.0,0,1,-0.5831045826910642,0.24183563359330618,0.8097652358856646,
325,0,3,1,28.0,2.5,0,65.6344,0,1,-0.08608973908991159,2.03048281603878,2.927673724655119,
326,1,1,0,36.0,0.0,0,65.6344,0,0,0.5765967190449587,2.03048281603878,-0.6021737566273045,
327,0,3,1,54.5,0.0,0,6.2375,0,1,2.109059153481846,-0.8695264056489113,-0.6021737566273045,
328,1,2,0,36.0,0.0,0,13.0,0,1,0.5765967190449587,-0.5393524005802459,-0.6021737566273045,
329,1,3,0,31.0,1.0,0,20.525,0,1,0.16241768271066476,-0.17194990325799725,0.8097652358856646,
330,1,1,0,16.0,0.0,0,57.9792,0,0,-1.080119426292217,1.6567234010884435,-0.6021737566273045,
331,1,3,0,28.0,2.0,0,23.25,1,0,-0.08608973908991159,-0.0389038161878141,2.2217042283986337,
332,0,1,1,45.5,0.0,0,28.5,0,1,1.363536888080117,0.21742350752538267,-0.6021737566273045,
333,0,1,1,38.0,0.0,0,65.6344,0,1,0.7422683335786762,2.03048281603878,-0.6021737566273045,
334,0,3,1,16.0,2.0,0,18.0,0,1,-1.080119426292217,-0.2952311399010109,2.2217042283986337,
335,1,1,0,28.0,1.0,0,65.6344,0,1,-0.08608973908991159,2.03048281603878,0.8097652358856646,
336,0,3,1,28.0,0.0,0,7.8958,0,1,-0.08608973908991159,-0.7885611483320362,-0.6021737566273045,
337,0,1,1,29.0,1.0,0,65.6344,0,1,-0.0032539318230528085,2.03048281603878,0.8097652358856646,
338,1,1,0,41.0,0.0,0,65.6344,0,0,0.9907757553792526,2.03048281603878,-0.6021737566273045,
339,1,3,1,45.0,0.0,0,8.05,0,1,1.3221189844466876,-0.7810324486526885,-0.6021737566273045,
340,0,1,1,45.0,0.0,0,35.5,0,1,1.3221189844466876,0.5591932724763117,-0.6021737566273045,
341,1,2,1,2.5,1.0,0,26.0,0,1,-2.1984028243948104,0.09536287718576517,0.8097652358856646,
342,1,1,0,24.0,2.5,0,65.6344,0,1,-0.4174329681573467,2.03048281603878,2.927673724655119,
343,0,2,1,28.0,0.0,0,13.0,0,1,-0.08608973908991159,-0.5393524005802459,-0.6021737566273045,
344,0,2,1,25.0,0.0,0,13.0,0,1,-0.3345971608904879,-0.5393524005802459,-0.6021737566273045,
345,0,2,1,36.0,0.0,0,13.0,0,1,0.5765967190449587,-0.5393524005802459,-0.6021737566273045,
346,1,2,0,24.0,0.0,0,13.0,0,1,-0.4174329681573467,-0.5393524005802459,-0.6021737566273045,
347,1,2,0,40.0,0.0,0,13.0,0,1,0.9079399481123938,-0.5393524005802459,-0.6021737566273045,
348,1,3,0,28.0,1.0,0,16.1,0,1,-0.08608973908991159,-0.38799721895912015,0.8097652358856646,
349,1,3,1,3.0,1.0,0,15.9,0,1,-2.156984920761381,-0.39776206938628955,0.8097652358856646,
350,0,3,1,42.0,0.0,0,8.6625,0,1,1.0736115626461114,-0.7511275942194823,-0.6021737566273045,
351,0,3,1,23.0,0.0,0,9.225,0,1,-0.5002687754242054,-0.7236639523930684,-0.6021737566273045,
352,0,1,1,28.0,0.0,0,35.0,0,1,-0.08608973908991159,0.5347811464083883,-0.6021737566273045,
353,0,3,1,15.0,1.0,0,7.2292,0,0,-1.1629552335590756,-0.8211073948057919,0.8097652358856646,
354,0,3,1,25.0,1.0,0,17.8,0,1,-0.3345971608904879,-0.30499599032818026,0.8097652358856646,
355,0,3,1,28.0,0.0,0,7.225,0,0,-0.08608973908991159,-0.8213124566647625,-0.6021737566273045,
356,0,3,1,28.0,0.0,0,9.5,0,1,-0.08608973908991159,-0.7102372830557104,-0.6021737566273045,
357,1,1,0,22.0,0.0,0,55.0,0,1,-0.5831045826910642,1.5112661891253283,-0.6021737566273045,
358,0,2,0,38.0,0.0,0,13.0,0,1,0.7422683335786762,-0.5393524005802459,-0.6021737566273045,
359,1,3,0,28.0,0.0,0,7.8792,1,0,-0.08608973908991159,-0.7893716309174912,-0.6021737566273045,
360,1,3,0,28.0,0.0,0,7.8792,1,0,-0.08608973908991159,-0.7893716309174912,-0.6021737566273045,
361,0,3,1,40.0,1.0,0,27.9,0,1,0.9079399481123938,0.1881289562438744,0.8097652358856646,
362,0,2,1,29.0,1.0,0,27.7208,0,0,-0.0032539318230528085,0.17937965026113073,0.8097652358856646,
363,0,3,0,45.0,0.0,0,14.4542,0,0,1.3221189844466876,-0.46835217312429717,-0.6021737566273045,
364,0,3,1,35.0,0.0,0,7.05,0,1,0.49376091177809983,-0.8298567007885356,-0.6021737566273045,
365,0,3,1,28.0,1.0,0,15.5,1,0,-0.08608973908991159,-0.4172917702406284,0.8097652358856646,
366,0,3,1,30.0,0.0,0,7.25,0,1,0.07958187544380597,-0.8200918503613662,-0.6021737566273045,
367,1,1,0,54.5,1.0,0,65.6344,0,0,2.109059153481846,2.03048281603878,0.8097652358856646,
368,1,3,0,28.0,0.0,0,7.2292,0,0,-0.08608973908991159,-0.8211073948057919,-0.6021737566273045,
369,1,3,0,28.0,0.0,0,7.75,1,0,-0.08608973908991159,-0.7956797242934427,-0.6021737566273045,
370,1,1,0,24.0,0.0,0,65.6344,0,0,-0.4174329681573467,2.03048281603878,-0.6021737566273045,
371,1,1,1,25.0,1.0,0,55.4417,0,0,-0.3345971608904879,1.532831861293732,0.8097652358856646,
372,0,3,1,18.0,1.0,0,6.4958,0,1,-0.9144478117584993,-0.856915101322222,0.8097652358856646,
373,0,3,1,19.0,0.0,0,8.05,0,1,-0.8316120044916406,-0.7810324486526885,-0.6021737566273045,
374,0,1,1,22.0,0.0,0,65.6344,0,0,-0.5831045826910642,2.03048281603878,-0.6021737566273045,
375,0,3,0,3.0,2.5,0,21.075,0,1,-2.156984920761381,-0.14509656458328138,2.927673724655119,
376,1,1,0,28.0,1.0,0,65.6344,0,0,-0.08608973908991159,2.03048281603878,0.8097652358856646,
377,1,3,0,22.0,0.0,0,7.25,0,1,-0.5831045826910642,-0.8200918503613662,-0.6021737566273045,
378,0,1,1,27.0,0.0,0,65.6344,0,0,-0.16892554635677037,2.03048281603878,-0.6021737566273045,
379,0,3,1,20.0,0.0,0,4.0125,0,0,-0.7487761972247818,-0.9781603666511709,-0.6021737566273045,
380,0,3,1,19.0,0.0,0,7.775,0,1,-0.8316120044916406,-0.7944591179900464,-0.6021737566273045,
381,1,1,0,42.0,0.0,0,65.6344,0,0,1.0736115626461114,2.03048281603878,-0.6021737566273045,
382,1,3,0,2.5,0.0,0,15.7417,0,0,-2.1984028243948104,-0.4054909484993942,-0.6021737566273045,
383,0,3,1,32.0,0.0,0,7.925,0,1,0.24525348997752353,-0.7871354801696694,-0.6021737566273045,
384,1,1,0,35.0,1.0,0,52.0,0,1,0.49376091177809983,1.3647934327177873,0.8097652358856646,
385,0,3,1,28.0,0.0,0,7.8958,0,1,-0.08608973908991159,-0.7885611483320362,-0.6021737566273045,
386,0,2,1,18.0,0.0,0,65.6344,0,1,-0.9144478117584993,2.03048281603878,-0.6021737566273045,
387,0,3,1,2.5,2.5,0,46.9,0,1,-2.1984028243948104,1.1157897468249676,2.927673724655119,
388,1,2,0,36.0,0.0,0,13.0,0,1,0.5765967190449587,-0.5393524005802459,-0.6021737566273045,
389,0,3,1,28.0,0.0,0,7.7292,1,0,-0.08608973908991159,-0.7966952687378683,-0.6021737566273045,
390,1,2,0,17.0,0.0,0,12.0,0,0,-0.9972836190253581,-0.5881766527160929,-0.6021737566273045,
391,1,1,1,36.0,1.0,0,65.6344,0,1,0.5765967190449587,2.03048281603878,0.8097652358856646,
392,1,3,1,21.0,0.0,0,7.7958,0,1,-0.665940389957923,-0.7934435735456209,-0.6021737566273045,
393,0,3,1,28.0,2.0,0,7.925,0,1,-0.08608973908991159,-0.7871354801696694,2.2217042283986337,
394,1,1,0,23.0,1.0,0,65.6344,0,0,-0.5002687754242054,2.03048281603878,0.8097652358856646,
395,1,3,0,24.0,0.0,0,16.7,0,1,-0.4174329681573467,-0.358702667677612,-0.6021737566273045,
396,0,3,1,22.0,0.0,0,7.7958,0,1,-0.5831045826910642,-0.7934435735456209,-0.6021737566273045,
397,0,3,0,31.0,0.0,0,7.8542,0,1,0.16241768271066476,-0.7905922372208875,-0.6021737566273045,
398,0,2,1,46.0,0.0,0,26.0,0,1,1.4049547917135463,0.09536287718576517,-0.6021737566273045,
399,0,2,1,23.0,0.0,0,10.5,0,1,-0.5002687754242054,-0.6614130309198635,-0.6021737566273045,
400,1,2,0,28.0,0.0,0,12.65,0,1,-0.08608973908991159,-0.5564408888277923,-0.6021737566273045,
401,1,3,1,39.0,0.0,0,7.925,0,1,0.825104140845535,-0.7871354801696694,-0.6021737566273045,
402,0,3,1,26.0,0.0,0,8.05,0,1,-0.2517613536236291,-0.7810324486526885,-0.6021737566273045,
403,0,3,0,21.0,1.0,0,9.825,0,1,-0.665940389957923,-0.6943694011115602,0.8097652358856646,
404,0,3,1,28.0,1.0,0,15.85,0,1,-0.08608973908991159,-0.40020328199308197,0.8097652358856646,
405,0,3,0,20.0,0.0,0,8.6625,0,1,-0.7487761972247818,-0.7511275942194823,-0.6021737566273045,
406,0,2,1,34.0,1.0,0,21.0,0,1,0.4109251045112411,-0.14875838349346987,0.8097652358856646,
407,0,3,1,51.0,0.0,0,7.75,0,1,1.8191338280478402,-0.7956797242934427,-0.6021737566273045,
408,1,2,1,3.0,1.0,0,18.75,0,1,-2.156984920761381,-0.2586129507991256,0.8097652358856646,
409,0,3,1,21.0,0.0,0,7.775,0,1,-0.665940389957923,-0.7944591179900464,-0.6021737566273045,
410,0,3,0,28.0,2.5,0,25.4667,0,1,-0.08608973908991159,0.06932490352171793,2.927673724655119,
411,0,3,1,28.0,0.0,0,7.8958,0,1,-0.08608973908991159,-0.7885611483320362,-0.6021737566273045,
412,0,3,1,28.0,0.0,0,6.8583,1,0,-0.08608973908991159,-0.8392163099229775,-0.6021737566273045,
413,1,1,0,33.0,1.0,0,65.6344,1,0,0.3280892972443823,2.03048281603878,0.8097652358856646,
414,0,2,1,28.0,0.0,0,0.0,0,1,-0.08608973908991159,-1.174067678346257,-0.6021737566273045,
415,1,3,1,44.0,0.0,0,7.925,0,1,1.239283177179829,-0.7871354801696694,-0.6021737566273045,
416,0,3,0,28.0,0.0,0,8.05,0,1,-0.08608973908991159,-0.7810324486526885,-0.6021737566273045,
417,1,2,0,34.0,1.0,0,32.5,0,1,0.4109251045112411,0.4127205160687707,0.8097652358856646,
418,1,2,0,18.0,0.0,0,13.0,0,1,-0.9144478117584993,-0.5393524005802459,-0.6021737566273045,
419,0,2,1,30.0,0.0,0,13.0,0,1,0.07958187544380597,-0.5393524005802459,-0.6021737566273045,
420,0,3,0,10.0,0.0,0,24.15,0,1,-1.5771342698933695,0.005038010734448137,-0.6021737566273045,
421,0,3,1,28.0,0.0,0,7.8958,0,0,-0.08608973908991159,-0.7885611483320362,-0.6021737566273045,
422,0,3,1,21.0,0.0,0,7.7333,1,0,-0.665940389957923,-0.7964950893041114,-0.6021737566273045,
423,0,3,1,29.0,0.0,0,7.875,0,1,-0.0032539318230528085,-0.7895766927764618,-0.6021737566273045,
424,0,3,0,28.0,1.0,0,14.4,0,1,-0.08608973908991159,-0.4709984475900601,0.8097652358856646,
425,0,3,1,18.0,1.0,0,20.2125,0,1,-0.9144478117584993,-0.18720748205044946,0.8097652358856646,
426,0,3,1,28.0,0.0,0,7.25,0,1,-0.08608973908991159,-0.8200918503613662,-0.6021737566273045,
427,1,2,0,28.0,1.0,0,26.0,0,1,-0.08608973908991159,0.09536287718576517,0.8097652358856646,
428,1,2,0,19.0,0.0,0,26.0,0,1,-0.8316120044916406,0.09536287718576517,-0.6021737566273045,
429,0,3,1,28.0,0.0,0,7.75,1,0,-0.08608973908991159,-0.7956797242934427,-0.6021737566273045,
430,1,3,1,32.0,0.0,0,8.05,0,1,0.24525348997752353,-0.7810324486526885,-0.6021737566273045,
431,1,1,1,28.0,0.0,0,26.55,0,1,-0.08608973908991159,0.12221621586048105,-0.6021737566273045,
432,1,3,0,28.0,1.0,0,16.1,0,1,-0.08608973908991159,-0.38799721895912015,0.8097652358856646,
433,1,2,0,42.0,1.0,0,26.0,0,1,1.0736115626461114,0.09536287718576517,0.8097652358856646,
434,0,3,1,17.0,0.0,0,7.125,0,1,-0.9972836190253581,-0.8261948818783471,-0.6021737566273045,
435,0,1,1,50.0,1.0,0,55.9,0,1,1.7362980207809815,1.5552080160475905,0.8097652358856646,
436,1,1,0,14.0,1.0,0,65.6344,0,1,-1.2457910408259345,2.03048281603878,0.8097652358856646,
437,0,3,0,21.0,2.0,0,34.375,0,1,-0.665940389957923,0.5042659888234838,2.2217042283986337,
438,1,2,0,24.0,2.0,0,18.75,0,1,-0.4174329681573467,-0.2586129507991256,2.2217042283986337,
439,0,1,1,54.5,1.0,0,65.6344,0,1,2.109059153481846,2.03048281603878,0.8097652358856646,
440,0,2,1,31.0,0.0,0,10.5,0,1,0.16241768271066476,-0.6614130309198635,-0.6021737566273045,
441,1,2,0,45.0,1.0,0,26.25,0,1,1.3221189844466876,0.10756894021972692,0.8097652358856646,
442,0,3,1,20.0,0.0,0,9.5,0,1,-0.7487761972247818,-0.7102372830557104,-0.6021737566273045,
443,0,3,1,25.0,1.0,0,7.775,0,1,-0.3345971608904879,-0.7944591179900464,0.8097652358856646,
444,1,2,0,28.0,0.0,0,13.0,0,1,-0.08608973908991159,-0.5393524005802459,-0.6021737566273045,
445,1,3,1,28.0,0.0,0,8.1125,0,1,-0.08608973908991159,-0.7779809328941981,-0.6021737566273045,
446,1,1,1,4.0,0.0,0,65.6344,0,1,-2.074149113494522,2.03048281603878,-0.6021737566273045,
447,1,2,0,13.0,0.0,0,19.5,0,1,-1.3286268480927932,-0.22199476169724036,-0.6021737566273045,
448,1,1,1,34.0,0.0,0,26.55,0,1,0.4109251045112411,0.12221621586048105,-0.6021737566273045,
449,1,3,0,5.0,2.0,0,19.2583,0,0,-1.9913133062276636,-0.23379558343847467,2.2217042283986337,
450,1,1,1,52.0,0.0,0,30.5,0,1,1.901969635314699,0.31507201179707667,-0.6021737566273045,
451,0,2,1,36.0,1.0,0,27.75,0,1,0.5765967190449587,0.18080531842349742,0.8097652358856646,
452,0,3,1,28.0,1.0,0,19.9667,0,1,-0.08608973908991159,-0.1992084832254406,0.8097652358856646,
453,0,1,1,30.0,0.0,0,27.75,0,0,0.07958187544380597,0.18080531842349742,-0.6021737566273045,
454,1,1,1,49.0,1.0,0,65.6344,0,0,1.6534622135141228,2.03048281603878,0.8097652358856646,
455,0,3,1,28.0,0.0,0,8.05,0,1,-0.08608973908991159,-0.7810324486526885,-0.6021737566273045,
456,1,3,1,29.0,0.0,0,7.8958,0,0,-0.0032539318230528085,-0.7885611483320362,-0.6021737566273045,
457,0,1,1,54.5,0.0,0,26.55,0,1,2.109059153481846,0.12221621586048105,-0.6021737566273045,
458,1,1,0,28.0,1.0,0,51.8625,0,1,-0.08608973908991159,1.3580800980491081,0.8097652358856646,
459,1,2,0,50.0,0.0,0,10.5,0,1,1.7362980207809815,-0.6614130309198635,-0.6021737566273045,
460,0,3,1,28.0,0.0,0,7.75,1,0,-0.08608973908991159,-0.7956797242934427,-0.6021737566273045,
461,1,1,1,48.0,0.0,0,26.55,0,1,1.570626406247264,0.12221621586048105,-0.6021737566273045,
462,0,3,1,34.0,0.0,0,8.05,0,1,0.4109251045112411,-0.7810324486526885,-0.6021737566273045,
463,0,1,1,47.0,0.0,0,38.5,0,1,1.4877905989804052,0.7056660288838528,-0.6021737566273045,
464,0,2,1,48.0,0.0,0,13.0,0,1,1.570626406247264,-0.5393524005802459,-0.6021737566273045,
465,0,3,1,28.0,0.0,0,8.05,0,1,-0.08608973908991159,-0.7810324486526885,-0.6021737566273045,
466,0,3,1,38.0,0.0,0,7.05,0,1,0.7422683335786762,-0.8298567007885356,-0.6021737566273045,
467,0,2,1,28.0,0.0,0,0.0,0,1,-0.08608973908991159,-1.174067678346257,-0.6021737566273045,
468,0,1,1,54.5,0.0,0,26.55,0,1,2.109059153481846,0.12221621586048105,-0.6021737566273045,
469,0,3,1,28.0,0.0,0,7.725,1,0,-0.08608973908991159,-0.796900330596839,-0.6021737566273045,
470,1,3,0,2.5,2.0,0,19.2583,0,0,-2.1984028243948104,-0.23379558343847467,2.2217042283986337,
471,0,3,1,28.0,0.0,0,7.25,0,1,-0.08608973908991159,-0.8200918503613662,-0.6021737566273045,
472,0,3,1,38.0,0.0,0,8.6625,0,1,0.7422683335786762,-0.7511275942194823,-0.6021737566273045,
473,1,2,0,33.0,1.0,0,27.75,0,1,0.3280892972443823,0.18080531842349742,0.8097652358856646,
474,1,2,0,23.0,0.0,0,13.7917,0,0,-0.5002687754242054,-0.5006982401642958,-0.6021737566273045,
475,0,3,0,22.0,0.0,0,9.8375,0,1,-0.5831045826910642,-0.693759097959862,-0.6021737566273045,
476,0,1,1,28.0,0.0,0,52.0,0,1,-0.08608973908991159,1.3647934327177873,-0.6021737566273045,
477,0,2,1,34.0,1.0,0,21.0,0,1,0.4109251045112411,-0.14875838349346987,0.8097652358856646,
478,0,3,1,29.0,1.0,0,7.0458,0,1,-0.0032539318230528085,-0.8300617626475062,0.8097652358856646,
479,0,3,1,22.0,0.0,0,7.5208,0,1,-0.5831045826910642,-0.8068702428829788,-0.6021737566273045,
480,1,3,0,2.5,0.0,0,12.2875,0,1,-2.1984028243948104,-0.5741396802270369,-0.6021737566273045,
481,0,3,1,9.0,2.5,0,46.9,0,1,-1.6599700771602284,1.1157897468249676,2.927673724655119,
482,0,2,1,28.0,0.0,0,0.0,0,1,-0.08608973908991159,-1.174067678346257,-0.6021737566273045,
483,0,3,1,50.0,0.0,0,8.05,0,1,1.7362980207809815,-0.7810324486526885,-0.6021737566273045,
484,1,3,0,54.5,0.0,0,9.5875,0,1,2.109059153481846,-0.7059651609938238,-0.6021737566273045,
485,1,1,1,25.0,1.0,0,65.6344,0,0,-0.3345971608904879,2.03048281603878,0.8097652358856646,
486,0,3,0,28.0,2.5,0,25.4667,0,1,-0.08608973908991159,0.06932490352171793,2.927673724655119,
487,1,1,0,35.0,1.0,0,65.6344,0,1,0.49376091177809983,2.03048281603878,0.8097652358856646,
488,0,1,1,54.5,0.0,0,29.7,0,0,2.109059153481846,0.27601261008839906,-0.6021737566273045,
489,0,3,1,30.0,0.0,0,8.05,0,1,0.07958187544380597,-0.7810324486526885,-0.6021737566273045,
490,1,3,1,9.0,1.0,0,15.9,0,1,-1.6599700771602284,-0.39776206938628955,0.8097652358856646,
491,0,3,1,28.0,1.0,0,19.9667,0,1,-0.08608973908991159,-0.1992084832254406,0.8097652358856646,
492,0,3,1,21.0,0.0,0,7.25,0,1,-0.665940389957923,-0.8200918503613662,-0.6021737566273045,
493,0,1,1,54.5,0.0,0,30.5,0,1,2.109059153481846,0.31507201179707667,-0.6021737566273045,
494,0,1,1,54.5,0.0,0,49.5042,0,0,2.109059153481846,1.2429378642371403,-0.6021737566273045,
495,0,3,1,21.0,0.0,0,8.05,0,1,-0.665940389957923,-0.7810324486526885,-0.6021737566273045,
496,0,3,1,28.0,0.0,0,14.4583,0,0,-0.08608973908991159,-0.4681519936905402,-0.6021737566273045,
497,1,1,0,54.0,1.0,0,65.6344,0,0,2.0676412498484167,2.03048281603878,0.8097652358856646,
498,0,3,1,28.0,0.0,0,15.1,0,1,-0.08608973908991159,-0.4368214710949672,-0.6021737566273045,
499,0,1,0,25.0,1.0,0,65.6344,0,1,-0.3345971608904879,2.03048281603878,0.8097652358856646,
500,0,3,1,24.0,0.0,0,7.7958,0,1,-0.4174329681573467,-0.7934435735456209,-0.6021737566273045,
501,0,3,1,17.0,0.0,0,8.6625,0,1,-0.9972836190253581,-0.7511275942194823,-0.6021737566273045,
502,0,3,0,21.0,0.0,0,7.75,1,0,-0.665940389957923,-0.7956797242934427,-0.6021737566273045,
503,0,3,0,28.0,0.0,0,7.6292,1,0,-0.08608973908991159,-0.801577693951453,-0.6021737566273045,
504,0,3,0,37.0,0.0,0,9.5875,0,1,0.6594325263118174,-0.7059651609938238,-0.6021737566273045,
505,1,1,0,16.0,0.0,0,65.6344,0,1,-1.080119426292217,2.03048281603878,-0.6021737566273045,
506,0,1,1,18.0,1.0,0,65.6344,0,0,-0.9144478117584993,2.03048281603878,0.8097652358856646,
507,1,2,0,33.0,0.0,0,26.0,0,1,0.3280892972443823,0.09536287718576517,-0.6021737566273045,
508,1,1,1,28.0,0.0,0,26.55,0,1,-0.08608973908991159,0.12221621586048105,-0.6021737566273045,
509,0,3,1,28.0,0.0,0,22.525,0,1,-0.08608973908991159,-0.07430139898630325,-0.6021737566273045,
510,1,3,1,26.0,0.0,0,56.4958,0,1,-0.2517613536236291,1.5842975054701287,-0.6021737566273045,
511,1,3,1,29.0,0.0,0,7.75,1,0,-0.0032539318230528085,-0.7956797242934427,-0.6021737566273045,
512,0,3,1,28.0,0.0,0,8.05,0,1,-0.08608973908991159,-0.7810324486526885,-0.6021737566273045,
513,1,1,1,36.0,0.0,0,26.2875,0,1,0.5765967190449587,0.10939984967482125,-0.6021737566273045,
514,1,1,0,54.0,1.0,0,59.4,0,0,2.0676412498484167,1.726092898523055,0.8097652358856646,
515,0,3,1,24.0,0.0,0,7.4958,0,1,-0.4174329681573467,-0.8080908491863751,-0.6021737566273045,
516,0,1,1,47.0,0.0,0,34.0208,0,1,1.4877905989804052,0.4869724387169669,-0.6021737566273045,
517,1,2,0,34.0,0.0,0,10.5,0,1,0.4109251045112411,-0.6614130309198635,-0.6021737566273045,
518,0,3,1,28.0,0.0,0,24.15,1,0,-0.08608973908991159,0.005038010734448137,-0.6021737566273045,
519,1,2,0,36.0,1.0,0,26.0,0,1,0.5765967190449587,0.09536287718576517,0.8097652358856646,
520,0,3,1,32.0,0.0,0,7.8958,0,1,0.24525348997752353,-0.7885611483320362,-0.6021737566273045,
521,1,1,0,30.0,0.0,0,65.6344,0,1,0.07958187544380597,2.03048281603878,-0.6021737566273045,
522,0,3,1,22.0,0.0,0,7.8958,0,1,-0.5831045826910642,-0.7885611483320362,-0.6021737566273045,
523,0,3,1,28.0,0.0,0,7.225,0,0,-0.08608973908991159,-0.8213124566647625,-0.6021737566273045,
524,1,1,0,44.0,0.0,0,57.9792,0,0,1.239283177179829,1.6567234010884435,-0.6021737566273045,
525,0,3,1,28.0,0.0,0,7.2292,0,0,-0.08608973908991159,-0.8211073948057919,-0.6021737566273045,
526,0,3,1,40.5,0.0,0,7.75,1,0,0.9493578517458231,-0.7956797242934427,-0.6021737566273045,
527,1,2,0,50.0,0.0,0,10.5,0,1,1.7362980207809815,-0.6614130309198635,-0.6021737566273045,
528,0,1,1,28.0,0.0,0,65.6344,0,1,-0.08608973908991159,2.03048281603878,-0.6021737566273045,
529,0,3,1,39.0,0.0,0,7.925,0,1,0.825104140845535,-0.7871354801696694,-0.6021737566273045,
530,0,2,1,23.0,2.0,0,11.5,0,1,-0.5002687754242054,-0.6125887787840164,2.2217042283986337,
531,1,2,0,2.5,1.0,0,26.0,0,1,-2.1984028243948104,0.09536287718576517,0.8097652358856646,
532,0,3,1,28.0,0.0,0,7.2292,0,0,-0.08608973908991159,-0.8211073948057919,-0.6021737566273045,
533,0,3,1,17.0,1.0,0,7.2292,0,0,-0.9972836190253581,-0.8211073948057919,0.8097652358856646,
534,1,3,0,28.0,0.0,0,22.3583,0,0,-0.08608973908991159,-0.08244040181734888,-0.6021737566273045,
535,0,3,0,30.0,0.0,0,8.6625,0,1,0.07958187544380597,-0.7511275942194823,-0.6021737566273045,
536,1,2,0,7.0,0.0,0,26.25,0,1,-1.825641691693946,0.10756894021972692,-0.6021737566273045,
537,0,1,1,45.0,0.0,0,26.55,0,1,1.3221189844466876,0.12221621586048105,-0.6021737566273045,
538,1,1,0,30.0,0.0,0,65.6344,0,0,0.07958187544380597,2.03048281603878,-0.6021737566273045,
539,0,3,1,28.0,0.0,0,14.5,0,1,-0.08608973908991159,-0.4661160223764754,-0.6021737566273045,
540,1,1,0,22.0,0.0,0,49.5,0,0,-0.5831045826910642,1.2427328023781699,-0.6021737566273045,
541,1,1,0,36.0,0.0,0,65.6344,0,1,0.5765967190449587,2.03048281603878,-0.6021737566273045,
542,0,3,0,9.0,2.5,0,31.275,0,1,-1.6599700771602284,0.35291080720235807,2.927673724655119,
543,0,3,0,11.0,2.5,0,31.275,0,1,-1.4942984626265108,0.35291080720235807,2.927673724655119,
544,1,2,1,32.0,1.0,0,26.0,0,1,0.24525348997752353,0.09536287718576517,0.8097652358856646,
545,0,1,1,50.0,1.0,0,65.6344,0,0,1.7362980207809815,2.03048281603878,0.8097652358856646,
546,0,1,1,54.5,0.0,0,26.0,0,1,2.109059153481846,0.09536287718576517,-0.6021737566273045,
547,1,2,0,19.0,1.0,0,26.0,0,1,-0.8316120044916406,0.09536287718576517,0.8097652358856646,
548,1,2,1,28.0,0.0,0,13.8625,0,0,-0.08608973908991159,-0.4972414831130778,-0.6021737566273045,
549,0,3,1,33.0,1.0,0,20.525,0,1,0.3280892972443823,-0.17194990325799725,0.8097652358856646,
550,1,2,1,8.0,1.0,0,36.75,0,1,-1.742805884427087,0.6202235876461205,0.8097652358856646,
551,1,1,1,17.0,0.0,0,65.6344,0,0,-0.9972836190253581,2.03048281603878,-0.6021737566273045,
552,0,2,1,27.0,0.0,0,26.0,0,1,-0.16892554635677037,0.09536287718576517,-0.6021737566273045,
553,0,3,1,28.0,0.0,0,7.8292,1,0,-0.08608973908991159,-0.7918128435242836,-0.6021737566273045,
554,1,3,1,22.0,0.0,0,7.225,0,0,-0.5831045826910642,-0.8213124566647625,-0.6021737566273045,
555,1,3,0,22.0,0.0,0,7.775,0,1,-0.5831045826910642,-0.7944591179900464,-0.6021737566273045,
556,0,1,1,54.5,0.0,0,26.55,0,1,2.109059153481846,0.12221621586048105,-0.6021737566273045,
557,1,1,0,48.0,1.0,0,39.6,0,0,1.570626406247264,0.7593727062332846,0.8097652358856646,
558,0,1,1,28.0,0.0,0,65.6344,0,0,-0.08608973908991159,2.03048281603878,-0.6021737566273045,
559,1,1,0,39.0,1.0,0,65.6344,0,1,0.825104140845535,2.03048281603878,0.8097652358856646,
560,1,3,0,36.0,1.0,0,17.4,0,1,0.5765967190449587,-0.32452569118251917,0.8097652358856646,
561,0,3,1,28.0,0.0,0,7.75,1,0,-0.08608973908991159,-0.7956797242934427,-0.6021737566273045,
562,0,3,1,40.0,0.0,0,7.8958,0,1,0.9079399481123938,-0.7885611483320362,-0.6021737566273045,
563,0,2,1,28.0,0.0,0,13.5,0,1,-0.08608973908991159,-0.5149402745123224,-0.6021737566273045,
564,0,3,1,28.0,0.0,0,8.05,0,1,-0.08608973908991159,-0.7810324486526885,-0.6021737566273045,
565,0,3,0,28.0,0.0,0,8.05,0,1,-0.08608973908991159,-0.7810324486526885,-0.6021737566273045,
566,0,3,1,24.0,2.0,0,24.15,0,1,-0.4174329681573467,0.005038010734448137,2.2217042283986337,
567,0,3,1,19.0,0.0,0,7.8958,0,1,-0.8316120044916406,-0.7885611483320362,-0.6021737566273045,
568,0,3,0,29.0,0.0,0,21.075,0,1,-0.0032539318230528085,-0.14509656458328138,-0.6021737566273045,
569,0,3,1,28.0,0.0,0,7.2292,0,0,-0.08608973908991159,-0.8211073948057919,-0.6021737566273045,
570,1,3,1,32.0,0.0,0,7.8542,0,1,0.24525348997752353,-0.7905922372208875,-0.6021737566273045,
571,1,2,1,54.5,0.0,0,10.5,0,1,2.109059153481846,-0.6614130309198635,-0.6021737566273045,
572,1,1,0,53.0,2.0,0,51.4792,0,1,1.9848054425815578,1.3393657622054382,2.2217042283986337,
573,1,1,1,36.0,0.0,0,26.3875,0,1,0.5765967190449587,0.11428227488840585,-0.6021737566273045,
574,1,3,0,28.0,0.0,0,7.75,1,0,-0.08608973908991159,-0.7956797242934427,-0.6021737566273045,
575,0,3,1,16.0,0.0,0,8.05,0,1,-1.080119426292217,-0.7810324486526885,-0.6021737566273045,
576,0,3,1,19.0,0.0,0,14.5,0,1,-0.8316120044916406,-0.4661160223764754,-0.6021737566273045,
577,1,2,0,34.0,0.0,0,13.0,0,1,0.4109251045112411,-0.5393524005802459,-0.6021737566273045,
578,1,1,0,39.0,1.0,0,55.9,0,1,0.825104140845535,1.5552080160475905,0.8097652358856646,
579,0,3,0,28.0,1.0,0,14.4583,0,0,-0.08608973908991159,-0.4681519936905402,0.8097652358856646,
580,1,3,1,32.0,0.0,0,7.925,0,1,0.24525348997752353,-0.7871354801696694,-0.6021737566273045,
581,1,2,0,25.0,1.0,0,30.0,0,1,-0.3345971608904879,0.2906598857291532,0.8097652358856646,
582,1,1,0,39.0,1.0,0,65.6344,0,0,0.825104140845535,2.03048281603878,0.8097652358856646,
583,0,2,1,54.0,0.0,0,26.0,0,1,2.0676412498484167,0.09536287718576517,-0.6021737566273045,
584,0,1,1,36.0,0.0,0,40.125,0,0,0.5765967190449587,0.7850054386046041,-0.6021737566273045,
585,0,3,1,28.0,0.0,0,8.7125,0,0,-0.08608973908991159,-0.74868638161269,-0.6021737566273045,
586,1,1,0,18.0,0.0,0,65.6344,0,1,-0.9144478117584993,2.03048281603878,-0.6021737566273045,
587,0,2,1,47.0,0.0,0,15.0,0,1,1.4877905989804052,-0.4417038963085519,-0.6021737566273045,
588,1,1,1,54.5,1.0,0,65.6344,0,0,2.109059153481846,2.03048281603878,0.8097652358856646,
589,0,3,1,22.0,0.0,0,8.05,0,1,-0.5831045826910642,-0.7810324486526885,-0.6021737566273045,
590,0,3,1,28.0,0.0,0,8.05,0,1,-0.08608973908991159,-0.7810324486526885,-0.6021737566273045,
591,0,3,1,35.0,0.0,0,7.125,0,1,0.49376091177809983,-0.8261948818783471,-0.6021737566273045,
592,1,1,0,52.0,1.0,0,65.6344,0,0,1.901969635314699,2.03048281603878,0.8097652358856646,
593,0,3,1,47.0,0.0,0,7.25,0,1,1.4877905989804052,-0.8200918503613662,-0.6021737566273045,
594,0,3,0,28.0,0.0,0,7.75,1,0,-0.08608973908991159,-0.7956797242934427,-0.6021737566273045,
595,0,2,1,37.0,1.0,0,26.0,0,1,0.6594325263118174,0.09536287718576517,0.8097652358856646,
596,0,3,1,36.0,1.0,0,24.15,0,1,0.5765967190449587,0.005038010734448137,0.8097652358856646,
597,1,2,0,28.0,0.0,0,33.0,0,1,-0.08608973908991159,0.4371326421366942,-0.6021737566273045,
598,0,3,1,49.0,0.0,0,0.0,0,1,1.6534622135141228,-1.174067678346257,-0.6021737566273045,
599,0,3,1,28.0,0.0,0,7.225,0,0,-0.08608973908991159,-0.8213124566647625,-0.6021737566273045,
600,1,1,1,49.0,1.0,0,56.9292,0,0,1.6534622135141228,1.6054579363458044,0.8097652358856646,
601,1,2,0,24.0,2.0,0,27.0,0,1,-0.4174329681573467,0.14418712932161218,2.2217042283986337,
602,0,3,1,28.0,0.0,0,7.8958,0,1,-0.08608973908991159,-0.7885611483320362,-0.6021737566273045,
603,0,1,1,28.0,0.0,0,42.4,0,1,-0.08608973908991159,0.896080612213656,-0.6021737566273045,
604,0,3,1,44.0,0.0,0,8.05,0,1,1.239283177179829,-0.7810324486526885,-0.6021737566273045,
605,1,1,1,35.0,0.0,0,26.55,0,0,0.49376091177809983,0.12221621586048105,-0.6021737566273045,
606,0,3,1,36.0,1.0,0,15.55,0,1,0.5765967190449587,-0.414850557633836,0.8097652358856646,
607,0,3,1,30.0,0.0,0,7.8958,0,1,0.07958187544380597,-0.7885611483320362,-0.6021737566273045,
608,1,1,1,27.0,0.0,0,30.5,0,1,-0.16892554635677037,0.31507201179707667,-0.6021737566273045,
609,1,2,0,22.0,1.0,0,41.5792,0,0,-0.5831045826910642,0.8560056660605528,0.8097652358856646,
610,1,1,0,40.0,0.0,0,65.6344,0,1,0.9079399481123938,2.03048281603878,-0.6021737566273045,
611,0,3,0,39.0,1.0,0,31.275,0,1,0.825104140845535,0.35291080720235807,0.8097652358856646,
612,0,3,1,28.0,0.0,0,7.05,0,1,-0.08608973908991159,-0.8298567007885356,-0.6021737566273045,
613,1,3,0,28.0,1.0,0,15.5,1,0,-0.08608973908991159,-0.4172917702406284,0.8097652358856646,
614,0,3,1,28.0,0.0,0,7.75,1,0,-0.08608973908991159,-0.7956797242934427,-0.6021737566273045,
615,0,3,1,35.0,0.0,0,8.05,0,1,0.49376091177809983,-0.7810324486526885,-0.6021737566273045,
616,1,2,0,24.0,1.0,0,65.0,0,1,-0.4174329681573467,1.9995087104837985,0.8097652358856646,
617,0,3,1,34.0,1.0,0,14.4,0,1,0.4109251045112411,-0.4709984475900601,0.8097652358856646,
618,0,3,0,26.0,1.0,0,16.1,0,1,-0.2517613536236291,-0.38799721895912015,0.8097652358856646,
619,1,2,0,4.0,2.0,0,39.0,0,1,-2.074149113494522,0.7300781549517762,2.2217042283986337,
620,0,2,1,26.0,0.0,0,10.5,0,1,-0.2517613536236291,-0.6614130309198635,-0.6021737566273045,
621,0,3,1,27.0,1.0,0,14.4542,0,0,-0.16892554635677037,-0.46835217312429717,0.8097652358856646,
622,1,1,1,42.0,1.0,0,52.5542,0,1,1.0736115626461114,1.3918518332514738,0.8097652358856646,
623,1,3,1,20.0,1.0,0,15.7417,0,0,-0.7487761972247818,-0.4054909484993942,0.8097652358856646,
624,0,3,1,21.0,0.0,0,7.8542,0,1,-0.665940389957923,-0.7905922372208875,-0.6021737566273045,
625,0,3,1,21.0,0.0,0,16.1,0,1,-0.665940389957923,-0.38799721895912015,-0.6021737566273045,
626,0,1,1,54.5,0.0,0,32.3208,0,1,2.109059153481846,0.4039712100860268,-0.6021737566273045,
627,0,2,1,54.5,0.0,0,12.35,1,0,2.109059153481846,-0.5710881644685465,-0.6021737566273045,
628,1,1,0,21.0,0.0,0,65.6344,0,1,-0.665940389957923,2.03048281603878,-0.6021737566273045,
629,0,3,1,26.0,0.0,0,7.8958,0,1,-0.2517613536236291,-0.7885611483320362,-0.6021737566273045,
630,0,3,1,28.0,0.0,0,7.7333,1,0,-0.08608973908991159,-0.7964950893041114,-0.6021737566273045,
631,1,1,1,54.5,0.0,0,30.0,0,1,2.109059153481846,0.2906598857291532,-0.6021737566273045,
632,0,3,1,51.0,0.0,0,7.0542,0,1,1.8191338280478402,-0.8296516389295652,-0.6021737566273045,
633,1,1,1,32.0,0.0,0,30.5,0,0,0.24525348997752353,0.31507201179707667,-0.6021737566273045,
634,0,1,1,28.0,0.0,0,0.0,0,1,-0.08608973908991159,-1.174067678346257,-0.6021737566273045,
635,0,3,0,9.0,2.5,0,27.9,0,1,-1.6599700771602284,0.1881289562438744,2.927673724655119,
636,1,2,0,28.0,0.0,0,13.0,0,1,-0.08608973908991159,-0.5393524005802459,-0.6021737566273045,
637,0,3,1,32.0,0.0,0,7.925,0,1,0.24525348997752353,-0.7871354801696694,-0.6021737566273045,
638,0,2,1,31.0,1.0,0,26.25,0,1,0.16241768271066476,0.10756894021972692,0.8097652358856646,
639,0,3,0,41.0,0.0,0,39.6875,0,1,0.9907757553792526,0.7636448282951711,-0.6021737566273045,
640,0,3,1,28.0,1.0,0,16.1,0,1,-0.08608973908991159,-0.38799721895912015,0.8097652358856646,
641,0,3,1,20.0,0.0,0,7.8542,0,1,-0.7487761972247818,-0.7905922372208875,-0.6021737566273045,
642,1,1,0,24.0,0.0,0,65.6344,0,0,-0.4174329681573467,2.03048281603878,-0.6021737566273045,
643,0,3,0,2.5,2.5,0,27.9,0,1,-2.1984028243948104,0.1881289562438744,2.927673724655119,
644,1,3,1,28.0,0.0,0,56.4958,0,1,-0.08608973908991159,1.5842975054701287,-0.6021737566273045,
645,1,3,0,2.5,2.0,0,19.2583,0,0,-2.1984028243948104,-0.23379558343847467,2.2217042283986337,
646,1,1,1,48.0,1.0,0,65.6344,0,0,1.570626406247264,2.03048281603878,0.8097652358856646,
647,0,3,1,19.0,0.0,0,7.8958,0,1,-0.8316120044916406,-0.7885611483320362,-0.6021737566273045,
648,1,1,1,54.5,0.0,0,35.5,0,0,2.109059153481846,0.5591932724763117,-0.6021737566273045,
649,0,3,1,28.0,0.0,0,7.55,0,1,-0.08608973908991159,-0.805444574720612,-0.6021737566273045,
650,1,3,0,23.0,0.0,0,7.55,0,1,-0.5002687754242054,-0.805444574720612,-0.6021737566273045,
651,0,3,1,28.0,0.0,0,7.8958,0,1,-0.08608973908991159,-0.7885611483320362,-0.6021737566273045,
652,1,2,0,18.0,0.0,0,23.0,0,1,-0.9144478117584993,-0.05110987922177585,-0.6021737566273045,
653,0,3,1,21.0,0.0,0,8.4333,0,1,-0.665940389957923,-0.7623181128090185,-0.6021737566273045,
654,1,3,0,28.0,0.0,0,7.8292,1,0,-0.08608973908991159,-0.7918128435242836,-0.6021737566273045,
655,0,3,0,18.0,0.0,0,6.75,1,0,-0.9144478117584993,-0.8445039764292896,-0.6021737566273045,
656,0,2,1,24.0,2.0,0,65.6344,0,1,-0.4174329681573467,2.03048281603878,2.2217042283986337,
657,0,3,1,28.0,0.0,0,7.8958,0,1,-0.08608973908991159,-0.7885611483320362,-0.6021737566273045,
658,0,3,0,32.0,1.0,0,15.5,1,0,0.24525348997752353,-0.4172917702406284,0.8097652358856646,
659,0,2,1,23.0,0.0,0,13.0,0,1,-0.5002687754242054,-0.5393524005802459,-0.6021737566273045,
660,0,1,1,54.5,0.0,0,65.6344,0,0,2.109059153481846,2.03048281603878,-0.6021737566273045,
661,1,1,1,50.0,2.0,0,65.6344,0,1,1.7362980207809815,2.03048281603878,2.2217042283986337,
662,0,3,1,40.0,0.0,0,7.225,0,0,0.9079399481123938,-0.8213124566647625,-0.6021737566273045,
663,0,1,1,47.0,0.0,0,25.5875,0,1,1.4877905989804052,0.07522287317972821,-0.6021737566273045,
664,0,3,1,36.0,0.0,0,7.4958,0,1,0.5765967190449587,-0.8080908491863751,-0.6021737566273045,
665,1,3,1,20.0,1.0,0,7.925,0,1,-0.7487761972247818,-0.7871354801696694,0.8097652358856646,
666,0,2,1,32.0,2.0,0,65.6344,0,1,0.24525348997752353,2.03048281603878,2.2217042283986337,
667,0,2,1,25.0,0.0,0,13.0,0,1,-0.3345971608904879,-0.5393524005802459,-0.6021737566273045,
668,0,3,1,28.0,0.0,0,7.775,0,1,-0.08608973908991159,-0.7944591179900464,-0.6021737566273045,
669,0,3,1,43.0,0.0,0,8.05,0,1,1.15644736991297,-0.7810324486526885,-0.6021737566273045,
670,1,1,0,28.0,1.0,0,52.0,0,1,-0.08608973908991159,1.3647934327177873,0.8097652358856646,
671,1,2,0,40.0,1.0,0,39.0,0,1,0.9079399481123938,0.7300781549517762,0.8097652358856646,
672,0,1,1,31.0,1.0,0,52.0,0,1,0.16241768271066476,1.3647934327177873,0.8097652358856646,
673,0,2,1,54.5,0.0,0,10.5,0,1,2.109059153481846,-0.6614130309198635,-0.6021737566273045,
674,1,2,1,31.0,0.0,0,13.0,0,1,0.16241768271066476,-0.5393524005802459,-0.6021737566273045,
675,0,2,1,28.0,0.0,0,0.0,0,1,-0.08608973908991159,-1.174067678346257,-0.6021737566273045,
676,0,3,1,18.0,0.0,0,7.775,0,1,-0.9144478117584993,-0.7944591179900464,-0.6021737566273045,
677,0,3,1,24.5,0.0,0,8.05,0,1,-0.3760150645239173,-0.7810324486526885,-0.6021737566273045,
678,1,3,0,18.0,0.0,0,9.8417,0,1,-0.9144478117584993,-0.6935540361008915,-0.6021737566273045,
679,0,3,0,43.0,1.0,0,46.9,0,1,1.15644736991297,1.1157897468249676,0.8097652358856646,
680,1,1,1,36.0,0.0,0,65.6344,0,0,0.5765967190449587,2.03048281603878,-0.6021737566273045,
681,0,3,0,28.0,0.0,0,8.1375,1,0,-0.08608973908991159,-0.776760326590802,-0.6021737566273045,
682,1,1,1,27.0,0.0,0,65.6344,0,0,-0.16892554635677037,2.03048281603878,-0.6021737566273045,
683,0,3,1,20.0,0.0,0,9.225,0,1,-0.7487761972247818,-0.7236639523930684,-0.6021737566273045,
684,0,3,1,14.0,2.5,0,46.9,0,1,-1.2457910408259345,1.1157897468249676,2.927673724655119,
685,0,2,1,54.5,1.0,0,39.0,0,1,2.109059153481846,0.7300781549517762,0.8097652358856646,
686,0,2,1,25.0,1.0,0,41.5792,0,0,-0.3345971608904879,0.8560056660605528,0.8097652358856646,
687,0,3,1,14.0,2.5,0,39.6875,0,1,-1.2457910408259345,0.7636448282951711,2.927673724655119,
688,0,3,1,19.0,0.0,0,10.1708,0,1,-0.8316120044916406,-0.6774859747229842,-0.6021737566273045,
689,0,3,1,18.0,0.0,0,7.7958,0,1,-0.9144478117584993,-0.7934435735456209,-0.6021737566273045,
690,1,1,0,15.0,0.0,0,65.6344,0,1,-1.1629552335590756,2.03048281603878,-0.6021737566273045,
691,1,1,1,31.0,1.0,0,57.0,0,1,0.16241768271066476,1.6089146933970224,0.8097652358856646,
692,1,3,0,4.0,0.0,0,13.4167,0,0,-2.074149113494522,-0.5190073347152384,-0.6021737566273045,
693,1,3,1,28.0,0.0,0,56.4958,0,1,-0.08608973908991159,1.5842975054701287,-0.6021737566273045,
694,0,3,1,25.0,0.0,0,7.225,0,0,-0.3345971608904879,-0.8213124566647625,-0.6021737566273045,
695,0,1,1,54.5,0.0,0,26.55,0,1,2.109059153481846,0.12221621586048105,-0.6021737566273045,
696,0,2,1,52.0,0.0,0,13.5,0,1,1.901969635314699,-0.5149402745123224,-0.6021737566273045,
697,0,3,1,44.0,0.0,0,8.05,0,1,1.239283177179829,-0.7810324486526885,-0.6021737566273045,
698,1,3,0,28.0,0.0,0,7.7333,1,0,-0.08608973908991159,-0.7964950893041114,-0.6021737566273045,
699,0,1,1,49.0,1.0,0,65.6344,0,0,1.6534622135141228,2.03048281603878,0.8097652358856646,
700,0,3,1,42.0,0.0,0,7.65,0,1,1.0736115626461114,-0.8005621495070273,-0.6021737566273045,
701,1,1,0,18.0,1.0,0,65.6344,0,0,-0.9144478117584993,2.03048281603878,0.8097652358856646,
702,1,1,1,35.0,0.0,0,26.2875,0,1,0.49376091177809983,0.10939984967482125,-0.6021737566273045,
703,0,3,0,18.0,0.0,0,14.4542,0,0,-0.9144478117584993,-0.46835217312429717,-0.6021737566273045,
704,0,3,1,25.0,0.0,0,7.7417,1,0,-0.3345971608904879,-0.7960849655861704,-0.6021737566273045,
705,0,3,1,26.0,1.0,0,7.8542,0,1,-0.2517613536236291,-0.7905922372208875,0.8097652358856646,
706,0,2,1,39.0,0.0,0,26.0,0,1,0.825104140845535,0.09536287718576517,-0.6021737566273045,
707,1,2,0,45.0,0.0,0,13.5,0,1,1.3221189844466876,-0.5149402745123224,-0.6021737566273045,
708,1,1,1,42.0,0.0,0,26.2875,0,1,1.0736115626461114,0.10939984967482125,-0.6021737566273045,
709,1,1,0,22.0,0.0,0,65.6344,0,1,-0.5831045826910642,2.03048281603878,-0.6021737566273045,
710,1,3,1,28.0,1.0,0,15.2458,0,0,-0.08608973908991159,-0.42970289513356075,0.8097652358856646,
711,1,1,0,24.0,0.0,0,49.5042,0,0,-0.4174329681573467,1.2429378642371403,-0.6021737566273045,
712,0,1,1,28.0,0.0,0,26.55,0,1,-0.08608973908991159,0.12221621586048105,-0.6021737566273045,
713,1,1,1,48.0,1.0,0,52.0,0,1,1.570626406247264,1.3647934327177873,0.8097652358856646,
714,0,3,1,29.0,0.0,0,9.4833,0,1,-0.0032539318230528085,-0.7110526480663791,-0.6021737566273045,
715,0,2,1,52.0,0.0,0,13.0,0,1,1.901969635314699,-0.5393524005802459,-0.6021737566273045,
716,0,3,1,19.0,0.0,0,7.65,0,1,-0.8316120044916406,-0.8005621495070273,-0.6021737566273045,
717,1,1,0,38.0,0.0,0,65.6344,0,0,0.7422683335786762,2.03048281603878,-0.6021737566273045,
718,1,2,0,27.0,0.0,0,10.5,0,1,-0.16892554635677037,-0.6614130309198635,-0.6021737566273045,
719,0,3,1,28.0,0.0,0,15.5,1,0,-0.08608973908991159,-0.4172917702406284,-0.6021737566273045,
720,0,3,1,33.0,0.0,0,7.775,0,1,0.3280892972443823,-0.7944591179900464,-0.6021737566273045,
721,1,2,0,6.0,0.0,0,33.0,0,1,-1.9084774989608047,0.4371326421366942,-0.6021737566273045,
722,0,3,1,17.0,1.0,0,7.0542,0,1,-0.9972836190253581,-0.8296516389295652,0.8097652358856646,
723,0,2,1,34.0,0.0,0,13.0,0,1,0.4109251045112411,-0.5393524005802459,-0.6021737566273045,
724,0,2,1,50.0,0.0,0,13.0,0,1,1.7362980207809815,-0.5393524005802459,-0.6021737566273045,
725,1,1,1,27.0,1.0,0,53.1,0,1,-0.16892554635677037,1.4185001100672192,0.8097652358856646,
726,0,3,1,20.0,0.0,0,8.6625,0,1,-0.7487761972247818,-0.7511275942194823,-0.6021737566273045,
727,1,2,0,30.0,2.5,0,21.0,0,1,0.07958187544380597,-0.14875838349346987,2.927673724655119,
728,1,3,0,28.0,0.0,0,7.7375,1,0,-0.08608973908991159,-0.7962900274451408,-0.6021737566273045,
729,0,2,1,25.0,1.0,0,26.0,0,1,-0.3345971608904879,0.09536287718576517,0.8097652358856646,
730,0,3,0,25.0,1.0,0,7.925,0,1,-0.3345971608904879,-0.7871354801696694,0.8097652358856646,
731,1,1,0,29.0,0.0,0,65.6344,0,1,-0.0032539318230528085,2.03048281603878,-0.6021737566273045,
732,0,3,1,11.0,0.0,0,18.7875,0,0,-1.4942984626265108,-0.2567820413440313,-0.6021737566273045,
733,0,2,1,28.0,0.0,0,0.0,0,1,-0.08608973908991159,-1.174067678346257,-0.6021737566273045,
734,0,2,1,23.0,0.0,0,13.0,0,1,-0.5002687754242054,-0.5393524005802459,-0.6021737566273045,
735,0,2,1,23.0,0.0,0,13.0,0,1,-0.5002687754242054,-0.5393524005802459,-0.6021737566273045,
736,0,3,1,28.5,0.0,0,16.1,0,1,-0.0446718354564822,-0.38799721895912015,-0.6021737566273045,
737,0,3,0,48.0,1.0,0,34.375,0,1,1.570626406247264,0.5042659888234838,0.8097652358856646,
738,1,1,1,35.0,0.0,0,65.6344,0,0,0.49376091177809983,2.03048281603878,-0.6021737566273045,
739,0,3,1,28.0,0.0,0,7.8958,0,1,-0.08608973908991159,-0.7885611483320362,-0.6021737566273045,
740,0,3,1,28.0,0.0,0,7.8958,0,1,-0.08608973908991159,-0.7885611483320362,-0.6021737566273045,
741,1,1,1,28.0,0.0,0,30.0,0,1,-0.08608973908991159,0.2906598857291532,-0.6021737566273045,
742,0,1,1,36.0,1.0,0,65.6344,0,1,0.5765967190449587,2.03048281603878,0.8097652358856646,
743,1,1,0,21.0,2.0,0,65.6344,0,0,-0.665940389957923,2.03048281603878,2.2217042283986337,
744,0,3,1,24.0,1.0,0,16.1,0,1,-0.4174329681573467,-0.38799721895912015,0.8097652358856646,
745,1,3,1,31.0,0.0,0,7.925,0,1,0.16241768271066476,-0.7871354801696694,-0.6021737566273045,
746,0,1,1,54.5,1.0,0,65.6344,0,1,2.109059153481846,2.03048281603878,0.8097652358856646,
747,0,3,1,16.0,1.0,0,20.25,0,1,-1.080119426292217,-0.18537657259535512,0.8097652358856646,
748,1,2,0,30.0,0.0,0,13.0,0,1,0.07958187544380597,-0.5393524005802459,-0.6021737566273045,
749,0,1,1,19.0,1.0,0,53.1,0,1,-0.8316120044916406,1.4185001100672192,0.8097652358856646,
750,0,3,1,31.0,0.0,0,7.75,1,0,0.16241768271066476,-0.7956797242934427,-0.6021737566273045,
751,1,2,0,4.0,1.0,0,23.0,0,1,-2.074149113494522,-0.05110987922177585,0.8097652358856646,
752,1,3,1,6.0,0.0,0,12.475,0,1,-1.9084774989608047,-0.5649851329515656,-0.6021737566273045,
753,0,3,1,33.0,0.0,0,9.5,0,1,0.3280892972443823,-0.7102372830557104,-0.6021737566273045,
754,0,3,1,23.0,0.0,0,7.8958,0,1,-0.5002687754242054,-0.7885611483320362,-0.6021737566273045,
755,1,2,0,48.0,1.0,0,65.0,0,1,1.570626406247264,1.9995087104837985,0.8097652358856646,
756,1,2,1,2.5,1.0,0,14.5,0,1,-2.1984028243948104,-0.4661160223764754,0.8097652358856646,
757,0,3,1,28.0,0.0,0,7.7958,0,1,-0.08608973908991159,-0.7934435735456209,-0.6021737566273045,
758,0,2,1,18.0,0.0,0,11.5,0,1,-0.9144478117584993,-0.6125887787840164,-0.6021737566273045,
759,0,3,1,34.0,0.0,0,8.05,0,1,0.4109251045112411,-0.7810324486526885,-0.6021737566273045,
760,1,1,0,33.0,0.0,0,65.6344,0,1,0.3280892972443823,2.03048281603878,-0.6021737566273045,
761,0,3,1,28.0,0.0,0,14.5,0,1,-0.08608973908991159,-0.4661160223764754,-0.6021737566273045,
762,0,3,1,41.0,0.0,0,7.125,0,1,0.9907757553792526,-0.8261948818783471,-0.6021737566273045,
763,1,3,1,20.0,0.0,0,7.2292,0,0,-0.7487761972247818,-0.8211073948057919,-0.6021737566273045,
764,1,1,0,36.0,1.0,0,65.6344,0,1,0.5765967190449587,2.03048281603878,0.8097652358856646,
765,0,3,1,16.0,0.0,0,7.775,0,1,-1.080119426292217,-0.7944591179900464,-0.6021737566273045,
766,1,1,0,51.0,1.0,0,65.6344,0,1,1.8191338280478402,2.03048281603878,0.8097652358856646,
767,0,1,1,28.0,0.0,0,39.6,0,0,-0.08608973908991159,0.7593727062332846,-0.6021737566273045,
768,0,3,0,30.5,0.0,0,7.75,1,0,0.12099977907723536,-0.7956797242934427,-0.6021737566273045,
769,0,3,1,28.0,1.0,0,24.15,1,0,-0.08608973908991159,0.005038010734448137,0.8097652358856646,
770,0,3,1,32.0,0.0,0,8.3625,0,1,0.24525348997752353,-0.7657748698602364,-0.6021737566273045,
771,0,3,1,24.0,0.0,0,9.5,0,1,-0.4174329681573467,-0.7102372830557104,-0.6021737566273045,
772,0,3,1,48.0,0.0,0,7.8542,0,1,1.570626406247264,-0.7905922372208875,-0.6021737566273045,
773,0,2,0,54.5,0.0,0,10.5,0,1,2.109059153481846,-0.6614130309198635,-0.6021737566273045,
774,0,3,1,28.0,0.0,0,7.225,0,0,-0.08608973908991159,-0.8213124566647625,-0.6021737566273045,
775,1,2,0,54.0,1.0,0,23.0,0,1,2.0676412498484167,-0.05110987922177585,0.8097652358856646,
776,0,3,1,18.0,0.0,0,7.75,0,1,-0.9144478117584993,-0.7956797242934427,-0.6021737566273045,
777,0,3,1,28.0,0.0,0,7.75,1,0,-0.08608973908991159,-0.7956797242934427,-0.6021737566273045,
778,1,3,0,5.0,0.0,0,12.475,0,1,-1.9913133062276636,-0.5649851329515656,-0.6021737566273045,
779,0,3,1,28.0,0.0,0,7.7375,1,0,-0.08608973908991159,-0.7962900274451408,-0.6021737566273045,
780,1,1,0,43.0,0.0,0,65.6344,0,1,1.15644736991297,2.03048281603878,-0.6021737566273045,
781,1,3,0,13.0,0.0,0,7.2292,0,0,-1.3286268480927932,-0.8211073948057919,-0.6021737566273045,
782,1,1,0,17.0,1.0,0,57.0,0,1,-0.9972836190253581,1.6089146933970224,0.8097652358856646,
783,0,1,1,29.0,0.0,0,30.0,0,1,-0.0032539318230528085,0.2906598857291532,-0.6021737566273045,
784,0,3,1,28.0,1.0,0,23.45,0,1,-0.08608973908991159,-0.029138965760644734,0.8097652358856646,
785,0,3,1,25.0,0.0,0,7.05,0,1,-0.3345971608904879,-0.8298567007885356,-0.6021737566273045,
786,0,3,1,25.0,0.0,0,7.25,0,1,-0.3345971608904879,-0.8200918503613662,-0.6021737566273045,
787,1,3,0,18.0,0.0,0,7.4958,0,1,-0.9144478117584993,-0.8080908491863751,-0.6021737566273045,
788,0,3,1,8.0,2.5,0,29.125,1,0,-1.742805884427087,0.24793866511028706,2.927673724655119,
789,1,3,1,2.5,1.0,0,20.575,0,1,-2.1984028243948104,-0.16950869065120489,0.8097652358856646,
790,0,1,1,46.0,0.0,0,65.6344,0,0,1.4049547917135463,2.03048281603878,-0.6021737566273045,
791,0,3,1,28.0,0.0,0,7.75,1,0,-0.08608973908991159,-0.7956797242934427,-0.6021737566273045,
792,0,2,1,16.0,0.0,0,26.0,0,1,-1.080119426292217,0.09536287718576517,-0.6021737566273045,
793,0,3,0,28.0,2.5,0,65.6344,0,1,-0.08608973908991159,2.03048281603878,2.927673724655119,
794,0,1,1,28.0,0.0,0,30.6958,0,0,-0.08608973908991159,0.32463180036527545,-0.6021737566273045,
795,0,3,1,25.0,0.0,0,7.8958,0,1,-0.3345971608904879,-0.7885611483320362,-0.6021737566273045,
796,0,2,1,39.0,0.0,0,13.0,0,1,0.825104140845535,-0.5393524005802459,-0.6021737566273045,
797,1,1,0,49.0,0.0,0,25.9292,0,1,1.6534622135141228,0.09190612013454727,-0.6021737566273045,
798,1,3,0,31.0,0.0,0,8.6833,0,1,0.16241768271066476,-0.7501120497750567,-0.6021737566273045,
799,0,3,1,30.0,0.0,0,7.2292,0,0,0.07958187544380597,-0.8211073948057919,-0.6021737566273045,
800,0,3,0,30.0,1.0,0,24.15,0,1,0.07958187544380597,0.005038010734448137,0.8097652358856646,
801,0,2,1,34.0,0.0,0,13.0,0,1,0.4109251045112411,-0.5393524005802459,-0.6021737566273045,
802,1,2,0,31.0,1.0,0,26.25,0,1,0.16241768271066476,0.10756894021972692,0.8097652358856646,
803,1,1,1,11.0,1.0,0,65.6344,0,1,-1.4942984626265108,2.03048281603878,0.8097652358856646,
804,1,3,1,2.5,0.0,0,8.5167,0,0,-2.1984028243948104,-0.7582461701808888,-0.6021737566273045,
805,1,3,1,27.0,0.0,0,6.975,0,1,-0.16892554635677037,-0.8335185196987243,-0.6021737566273045,
806,0,3,1,31.0,0.0,0,7.775,0,1,0.16241768271066476,-0.7944591179900464,-0.6021737566273045,
807,0,1,1,39.0,0.0,0,0.0,0,1,0.825104140845535,-1.174067678346257,-0.6021737566273045,
808,0,3,0,18.0,0.0,0,7.775,0,1,-0.9144478117584993,-0.7944591179900464,-0.6021737566273045,
809,0,2,1,39.0,0.0,0,13.0,0,1,0.825104140845535,-0.5393524005802459,-0.6021737566273045,
810,1,1,0,33.0,1.0,0,53.1,0,1,0.3280892972443823,1.4185001100672192,0.8097652358856646,
811,0,3,1,26.0,0.0,0,7.8875,0,1,-0.2517613536236291,-0.7889663896247637,-0.6021737566273045,
812,0,3,1,39.0,0.0,0,24.15,0,1,0.825104140845535,0.005038010734448137,-0.6021737566273045,
813,0,2,1,35.0,0.0,0,10.5,0,1,0.49376091177809983,-0.6614130309198635,-0.6021737566273045,
814,0,3,0,6.0,2.5,0,31.275,0,1,-1.9084774989608047,0.35291080720235807,2.927673724655119,
815,0,3,1,30.5,0.0,0,8.05,0,1,0.12099977907723536,-0.7810324486526885,-0.6021737566273045,
816,0,1,1,28.0,0.0,0,0.0,0,1,-0.08608973908991159,-1.174067678346257,-0.6021737566273045,
817,0,3,0,23.0,0.0,0,7.925,0,1,-0.5002687754242054,-0.7871354801696694,-0.6021737566273045,
818,0,2,1,31.0,1.0,0,37.0042,0,0,0.16241768271066476,0.6326347125390527,0.8097652358856646,
819,0,3,1,43.0,0.0,0,6.45,0,1,1.15644736991297,-0.8591512520700438,-0.6021737566273045,
820,0,3,1,10.0,2.5,0,27.9,0,1,-1.5771342698933695,0.1881289562438744,2.927673724655119,
821,1,1,0,52.0,1.0,0,65.6344,0,1,1.901969635314699,2.03048281603878,0.8097652358856646,
822,1,3,1,27.0,0.0,0,8.6625,0,1,-0.16892554635677037,-0.7511275942194823,-0.6021737566273045,
823,0,1,1,38.0,0.0,0,0.0,0,1,0.7422683335786762,-1.174067678346257,-0.6021737566273045,
824,1,3,0,27.0,0.0,0,12.475,0,1,-0.16892554635677037,-0.5649851329515656,-0.6021737566273045,
825,0,3,1,2.5,2.5,0,39.6875,0,1,-2.1984028243948104,0.7636448282951711,2.927673724655119,
826,0,3,1,28.0,0.0,0,6.95,1,0,-0.08608973908991159,-0.8347391260021203,-0.6021737566273045,
827,0,3,1,28.0,0.0,0,56.4958,0,1,-0.08608973908991159,1.5842975054701287,-0.6021737566273045,
828,1,2,1,2.5,0.0,0,37.0042,0,0,-2.1984028243948104,0.6326347125390527,-0.6021737566273045,
829,1,3,1,28.0,0.0,0,7.75,1,0,-0.08608973908991159,-0.7956797242934427,-0.6021737566273045,
830,1,1,0,54.5,0.0,0,65.6344,0,1,2.109059153481846,2.03048281603878,-0.6021737566273045,
831,1,3,0,15.0,1.0,0,14.4542,0,0,-1.1629552335590756,-0.46835217312429717,0.8097652358856646,
832,1,2,1,2.5,1.0,0,18.75,0,1,-2.1984028243948104,-0.2586129507991256,0.8097652358856646,
833,0,3,1,28.0,0.0,0,7.2292,0,0,-0.08608973908991159,-0.8211073948057919,-0.6021737566273045,
834,0,3,1,23.0,0.0,0,7.8542,0,1,-0.5002687754242054,-0.7905922372208875,-0.6021737566273045,
835,0,3,1,18.0,0.0,0,8.3,0,1,-0.9144478117584993,-0.7688263856187268,-0.6021737566273045,
836,1,1,0,39.0,1.0,0,65.6344,0,0,0.825104140845535,2.03048281603878,0.8097652358856646,
837,0,3,1,21.0,0.0,0,8.6625,0,1,-0.665940389957923,-0.7511275942194823,-0.6021737566273045,
838,0,3,1,28.0,0.0,0,8.05,0,1,-0.08608973908991159,-0.7810324486526885,-0.6021737566273045,
839,1,3,1,32.0,0.0,0,56.4958,0,1,0.24525348997752353,1.5842975054701287,-0.6021737566273045,
840,1,1,1,28.0,0.0,0,29.7,0,0,-0.08608973908991159,0.27601261008839906,-0.6021737566273045,
841,0,3,1,20.0,0.0,0,7.925,0,1,-0.7487761972247818,-0.7871354801696694,-0.6021737566273045,
842,0,2,1,16.0,0.0,0,10.5,0,1,-1.080119426292217,-0.6614130309198635,-0.6021737566273045,
843,1,1,0,30.0,0.0,0,31.0,0,0,0.07958187544380597,0.3394841378650002,-0.6021737566273045,
844,0,3,1,34.5,0.0,0,6.4375,0,0,0.4523430081446705,-0.8597615552217419,-0.6021737566273045,
845,0,3,1,17.0,0.0,0,8.6625,0,1,-0.9972836190253581,-0.7511275942194823,-0.6021737566273045,
846,0,3,1,42.0,0.0,0,7.55,0,1,1.0736115626461114,-0.805444574720612,-0.6021737566273045,
847,0,3,1,28.0,2.5,0,65.6344,0,1,-0.08608973908991159,2.03048281603878,2.927673724655119,
848,0,3,1,35.0,0.0,0,7.8958,0,0,0.49376091177809983,-0.7885611483320362,-0.6021737566273045,
849,0,2,1,28.0,0.0,0,33.0,0,1,-0.08608973908991159,0.4371326421366942,-0.6021737566273045,
850,1,1,0,28.0,1.0,0,65.6344,0,0,-0.08608973908991159,2.03048281603878,0.8097652358856646,
851,0,3,1,4.0,2.5,0,31.275,0,1,-2.074149113494522,0.35291080720235807,2.927673724655119,
852,0,3,1,54.5,0.0,0,7.775,0,1,2.109059153481846,-0.7944591179900464,-0.6021737566273045,
853,0,3,0,9.0,1.0,0,15.2458,0,0,-1.6599700771602284,-0.42970289513356075,0.8097652358856646,
854,1,1,0,16.0,0.0,0,39.4,0,1,-1.080119426292217,0.749607855806115,-0.6021737566273045,
855,0,2,0,44.0,1.0,0,26.0,0,1,1.239283177179829,0.09536287718576517,0.8097652358856646,
856,1,3,0,18.0,0.0,0,9.35,0,1,-0.9144478117584993,-0.7175609208760875,-0.6021737566273045,
857,1,1,0,45.0,1.0,0,65.6344,0,1,1.3221189844466876,2.03048281603878,0.8097652358856646,
858,1,1,1,51.0,0.0,0,26.55,0,1,1.8191338280478402,0.12221621586048105,-0.6021737566273045,
859,1,3,0,24.0,0.0,0,19.2583,0,0,-0.4174329681573467,-0.23379558343847467,-0.6021737566273045,
860,0,3,1,28.0,0.0,0,7.2292,0,0,-0.08608973908991159,-0.8211073948057919,-0.6021737566273045,
861,0,3,1,41.0,2.0,0,14.1083,0,1,0.9907757553792526,-0.48524048193808667,2.2217042283986337,
862,0,2,1,21.0,1.0,0,11.5,0,1,-0.665940389957923,-0.6125887787840164,0.8097652358856646,
863,1,1,0,48.0,0.0,0,25.9292,0,1,1.570626406247264,0.09190612013454727,-0.6021737566273045,
864,0,3,0,28.0,2.5,0,65.6344,0,1,-0.08608973908991159,2.03048281603878,2.927673724655119,
865,0,2,1,24.0,0.0,0,13.0,0,1,-0.4174329681573467,-0.5393524005802459,-0.6021737566273045,
866,1,2,0,42.0,0.0,0,13.0,0,1,1.0736115626461114,-0.5393524005802459,-0.6021737566273045,
867,1,2,0,27.0,1.0,0,13.8583,0,0,-0.16892554635677037,-0.49744654497204843,0.8097652358856646,
868,0,1,1,31.0,0.0,0,50.4958,0,1,0.16241768271066476,1.2913519926550463,-0.6021737566273045,
869,0,3,1,28.0,0.0,0,9.5,0,1,-0.08608973908991159,-0.7102372830557104,-0.6021737566273045,
870,1,3,1,4.0,1.0,0,11.1333,0,1,-2.074149113494522,-0.6304926320422315,0.8097652358856646,
871,0,3,1,26.0,0.0,0,7.8958,0,1,-0.2517613536236291,-0.7885611483320362,-0.6021737566273045,
872,1,1,0,47.0,1.0,0,52.5542,0,1,1.4877905989804052,1.3918518332514738,0.8097652358856646,
873,0,1,1,33.0,0.0,0,5.0,0,1,0.3280892972443823,-0.9299464176670219,-0.6021737566273045,
874,0,3,1,47.0,0.0,0,9.0,0,1,1.4877905989804052,-0.734649409123634,-0.6021737566273045,
875,1,2,0,28.0,1.0,0,24.0,0,0,-0.08608973908991159,-0.002285627085928845,0.8097652358856646,
876,1,3,0,15.0,0.0,0,7.225,0,0,-1.1629552335590756,-0.8213124566647625,-0.6021737566273045,
877,0,3,1,20.0,0.0,0,9.8458,0,1,-0.7487761972247818,-0.6933538566671346,-0.6021737566273045,
878,0,3,1,19.0,0.0,0,7.8958,0,1,-0.8316120044916406,-0.7885611483320362,-0.6021737566273045,
879,0,3,1,28.0,0.0,0,7.8958,0,1,-0.08608973908991159,-0.7885611483320362,-0.6021737566273045,
880,1,1,0,54.5,0.0,0,65.6344,0,0,2.109059153481846,2.03048281603878,-0.6021737566273045,
881,1,2,0,25.0,0.0,0,26.0,0,1,-0.3345971608904879,0.09536287718576517,-0.6021737566273045,
882,0,3,1,33.0,0.0,0,7.8958,0,1,0.3280892972443823,-0.7885611483320362,-0.6021737566273045,
883,0,3,0,22.0,0.0,0,10.5167,0,1,-0.5831045826910642,-0.6605976659091948,-0.6021737566273045,
884,0,2,1,28.0,0.0,0,10.5,0,1,-0.08608973908991159,-0.6614130309198635,-0.6021737566273045,
885,0,3,1,25.0,0.0,0,7.05,0,1,-0.3345971608904879,-0.8298567007885356,-0.6021737566273045,
886,0,3,0,39.0,0.0,0,29.125,1,0,0.825104140845535,0.24793866511028706,-0.6021737566273045,
887,0,2,1,27.0,0.0,0,13.0,0,1,-0.16892554635677037,-0.5393524005802459,-0.6021737566273045,
888,1,1,0,19.0,0.0,0,30.0,0,1,-0.8316120044916406,0.2906598857291532,-0.6021737566273045,
889,0,3,0,28.0,1.0,0,23.45,0,1,-0.08608973908991159,-0.029138965760644734,0.8097652358856646,
890,1,1,1,26.0,0.0,0,30.0,0,0,-0.2517613536236291,0.2906598857291532,-0.6021737566273045,
891,0,3,1,32.0,0.0,0,7.75,1,0,0.24525348997752353,-0.7956797242934427,-0.6021737566273045,
